StartDate,EndDate,Status,IPAddress,Progress,Duration (in seconds),Finished,RecordedDate,ResponseId,RecipientLastName,RecipientFirstName,RecipientEmail,ExternalReference,LocationLatitude,LocationLongitude,DistributionChannel,UserLanguage,Q17,Q22,Q20,Q26,Q24,QID19,Q2,Q3,Q4,Q5,Q6,Q7,Q8,Q9,Q10,Q11_1,Q11_2,Q11_3,Q11_4,Q11_5,Q11_6,Q11_7,Q15_1,Q15_2,Q15_3,Q15_4,Q15_5,Q15_6,Q15_7,Q15_8,Q15_9,Q15_10,Q15_11,Q15_12,Q15_13,Q15_14,Q15_15,Q15_16,Q15_17,Q15_18,Q16,Q17,sessiontoken
Start Date,End Date,Response Type,IP Address,Progress,Duration (in seconds),Finished,Recorded Date,Response ID,Recipient Last Name,Recipient First Name,Recipient Email,External Data Reference,Location Latitude,Location Longitude,Distribution Channel,User Language,How old are you?,What gender do you identify as?,What country do you have residence in?,What race/ethnicity best describes you?,What is the highest degree or level of school you have completed?,"Think of this ladder as representing where people stand in our society. At the top of the ladder (rung 10) are the people who are best off, those who have the most money, most education and best jobs. At the bottom (rung 1) are the people who are the worst off, those who have the least money, least education, and worst jobs or no job. Please pick the number of the rung that best represents where you think you stand on the ladder (in your home country).",How old were you when you started playing Overwatch?,Do you have more than one account which you regularly play Overwatch on (e.g. a main account and a smurf account)?,"Across all of your accounts, what are your approximate total hours
of playtime on Overwatch?","Approximately, how many hours of Overwatch do you play a week?",What Overwatch class do you mainly play?,"What is your all-time highest SR (peak SR) in your
main class? (This can be seen at the end of each game)","What is your current SR in your main class? If you
haven’t played the current season, please indicate the SR you finished with the
last season you played.",Do you primarily solo queue or play in a team?,"What kind of training aids do you use to improve
your performance in Overwatch? Tick all that apply, you may choose
multiple answers.","Overall,
how frequently (in %) do you play video games of the following genres? If you
do not play a genre, choose 0. The total must equal 100%. - Shooter (FPS, TPS, Hero)","Overall,
how frequently (in %) do you play video games of the following genres? If you
do not play a genre, choose 0. The total must equal 100%. - Action (Fighter, Survival, Battle-Royale)","Overall,
how frequently (in %) do you play video games of the following genres? If you
do not play a genre, choose 0. The total must equal 100%. - Role-Playong (MMO-RPG, Open World-RPG)","Overall,
how frequently (in %) do you play video games of the following genres? If you
do not play a genre, choose 0. The total must equal 100%. - Simulation (Construction, Management, Life, Vehicle, Flight)","Overall,
how frequently (in %) do you play video games of the following genres? If you
do not play a genre, choose 0. The total must equal 100%. - Strategy (Artillery, Auto-Battler, MOBA, RTS, TBS)","Overall,
how frequently (in %) do you play video games of the following genres? If you
do not play a genre, choose 0. The total must equal 100%. - Sports (Football, Racing)","Overall,
how frequently (in %) do you play video games of the following genres? If you
do not play a genre, choose 0. The total must equal 100%. - Other","On average, how frequently do
you play these FPS (First Person Shooter, any version) games (in %)? If you do
not play a game, chose 0. The total must equal 100%. - Apex Legends","On average, how frequently do
you play these FPS (First Person Shooter, any version) games (in %)? If you do
not play a game, chose 0. The total must equal 100%. - Battlefield","On average, how frequently do
you play these FPS (First Person Shooter, any version) games (in %)? If you do
not play a game, chose 0. The total must equal 100%. - Call of Duty","On average, how frequently do
you play these FPS (First Person Shooter, any version) games (in %)? If you do
not play a game, chose 0. The total must equal 100%. - Counter Strike","On average, how frequently do
you play these FPS (First Person Shooter, any version) games (in %)? If you do
not play a game, chose 0. The total must equal 100%. - Cyberpunk","On average, how frequently do
you play these FPS (First Person Shooter, any version) games (in %)? If you do
not play a game, chose 0. The total must equal 100%. - Destiny","On average, how frequently do
you play these FPS (First Person Shooter, any version) games (in %)? If you do
not play a game, chose 0. The total must equal 100%. - Doom","On average, how frequently do
you play these FPS (First Person Shooter, any version) games (in %)? If you do
not play a game, chose 0. The total must equal 100%. - Dota","On average, how frequently do
you play these FPS (First Person Shooter, any version) games (in %)? If you do
not play a game, chose 0. The total must equal 100%. - Fortnight","On average, how frequently do
you play these FPS (First Person Shooter, any version) games (in %)? If you do
not play a game, chose 0. The total must equal 100%. - Gary's Mod","On average, how frequently do
you play these FPS (First Person Shooter, any version) games (in %)? If you do
not play a game, chose 0. The total must equal 100%. - Halo","On average, how frequently do
you play these FPS (First Person Shooter, any version) games (in %)? If you do
not play a game, chose 0. The total must equal 100%. - Half-Life","On average, how frequently do
you play these FPS (First Person Shooter, any version) games (in %)? If you do
not play a game, chose 0. The total must equal 100%. - Left 4 Dead","On average, how frequently do
you play these FPS (First Person Shooter, any version) games (in %)? If you do
not play a game, chose 0. The total must equal 100%. - Player Unknown's Battlegrounds (PUBG)","On average, how frequently do
you play these FPS (First Person Shooter, any version) games (in %)? If you do
not play a game, chose 0. The total must equal 100%. - Team Fortress 2 (TF2)","On average, how frequently do
you play these FPS (First Person Shooter, any version) games (in %)? If you do
not play a game, chose 0. The total must equal 100%. - Rainbow Six Seige","On average, how frequently do
you play these FPS (First Person Shooter, any version) games (in %)? If you do
not play a game, chose 0. The total must equal 100%. - Valorant","On average, how frequently do
you play these FPS (First Person Shooter, any version) games (in %)? If you do
not play a game, chose 0. The total must equal 100%. - Other","Do
you classify yourself as a professional or casual Overwatch player?","Have
you ever played in an Overwatch league?",sessiontoken
"{""ImportId"":""startDate"",""timeZone"":""Europe/London""}","{""ImportId"":""endDate"",""timeZone"":""Europe/London""}","{""ImportId"":""status""}","{""ImportId"":""ipAddress""}","{""ImportId"":""progress""}","{""ImportId"":""duration""}","{""ImportId"":""finished""}","{""ImportId"":""recordedDate"",""timeZone"":""Europe/London""}","{""ImportId"":""_recordId""}","{""ImportId"":""recipientLastName""}","{""ImportId"":""recipientFirstName""}","{""ImportId"":""recipientEmail""}","{""ImportId"":""externalDataReference""}","{""ImportId"":""locationLatitude""}","{""ImportId"":""locationLongitude""}","{""ImportId"":""distributionChannel""}","{""ImportId"":""userLanguage""}","{""ImportId"":""QID18_TEXT""}","{""ImportId"":""QID21""}","{""ImportId"":""QID20_TEXT""}","{""ImportId"":""QID23""}","{""ImportId"":""QID22""}","{""ImportId"":""QID19""}","{""ImportId"":""QID2_TEXT""}","{""ImportId"":""QID3""}","{""ImportId"":""QID4_TEXT""}","{""ImportId"":""QID5_TEXT""}","{""ImportId"":""QID6""}","{""ImportId"":""QID7_TEXT""}","{""ImportId"":""QID8_TEXT""}","{""ImportId"":""QID9""}","{""ImportId"":""QID10""}","{""ImportId"":""QID11_1""}","{""ImportId"":""QID11_2""}","{""ImportId"":""QID11_3""}","{""ImportId"":""QID11_4""}","{""ImportId"":""QID11_5""}","{""ImportId"":""QID11_6""}","{""ImportId"":""QID11_7""}","{""ImportId"":""QID14_1""}","{""ImportId"":""QID14_2""}","{""ImportId"":""QID14_3""}","{""ImportId"":""QID14_4""}","{""ImportId"":""QID14_5""}","{""ImportId"":""QID14_6""}","{""ImportId"":""QID14_7""}","{""ImportId"":""QID14_8""}","{""ImportId"":""QID14_9""}","{""ImportId"":""QID14_10""}","{""ImportId"":""QID14_11""}","{""ImportId"":""QID14_12""}","{""ImportId"":""QID14_13""}","{""ImportId"":""QID14_14""}","{""ImportId"":""QID14_15""}","{""ImportId"":""QID14_16""}","{""ImportId"":""QID14_17""}","{""ImportId"":""QID14_18""}","{""ImportId"":""QID15""}","{""ImportId"":""QID16""}","{""ImportId"":""sessiontoken""}"
08/06/2021 18:49,08/06/2021 18:53,IP Address,73.131.22.212,100,212,TRUE,08/06/2021 18:53,R_1jvtfXUWRLh0tnA,,,,,32.82150269,-80.05680084,anonymous,EN,28,Male,United States,White,High school degree or equivalent (A levels),3,23,No,160,6,Support,2700,2500,Solo queue,"Training maps (workshop),YouTube video",80,10,10,0,0,0,0,5,5,70,0,0,10,0,0,0,0,0,0,0,0,0,0,0,10,Casual,No,9a0tAGV01623173234965
08/06/2021 20:10,08/06/2021 20:14,IP Address,188.121.15.10,100,271,TRUE,08/06/2021 20:14,R_1HdFecb8nYNgSd6,,,,,51.10429382,17.03349304,anonymous,EN,20,Male,Poland,White,High school degree or equivalent (A levels),5,15,No,948,4,Support,3100,2900,Solo queue,Training maps (workshop),70,10,0,0,20,0,0,0,0,0,0,0,0,0,0,0,0,0,0,0,0,0,0,0,100,Casual,No,GPLb4aeg1623177883416
08/06/2021 20:40,08/06/2021 20:43,IP Address,159.89.138.16,100,177,TRUE,08/06/2021 20:43,R_3NvSY0pF7cJL8N8,,,,,37.34170532,-121.975296,anonymous,EN,23,Female,usa,White,Bachelor's degree,5,19,Yes,1000,10,Damage,100,330,Team,YouTube video,10,80,0,0,10,0,0,0,20,40,0,0,0,0,0,0,0,0,0,10,30,0,0,0,0,Casual,No,9mfIStCM1623179821255
08/06/2021 21:07,08/06/2021 21:11,IP Address,84.67.69.121,100,229,TRUE,08/06/2021 21:11,R_3ssouKFuqa0HQez,,,,,51.46429443,-0.011901855,anonymous,EN,22,Male,United Kingdom,White,High school degree or equivalent (A levels),3,17,No,1300,5,Damage,2600,2400,Solo queue,"Training maps (workshop),YouTube video",20,0,30,50,0,0,0,40,0,0,0,0,0,20,0,0,0,0,0,10,0,30,0,0,0,Casual,No,Ei7VAjL21623181854067
08/06/2021 21:08,08/06/2021 21:13,IP Address,66.115.145.10,100,244,TRUE,08/06/2021 21:13,R_sBZW3HS13Ryn4T7,,,,,43.62269592,-79.3891983,anonymous,EN,35,Male,Canada,White,High school degree or equivalent (A levels),5,32,No,300,8,Tank,2600,2600,Team,"VOD reviewing,YouTube video",50,15,25,10,0,0,0,0,0,0,0,100,0,0,0,0,0,0,0,0,0,0,0,0,0,Casual,No,ZKXlEAy41623181228263
08/06/2021 21:56,08/06/2021 22:04,IP Address,178.159.3.173,100,494,TRUE,08/06/2021 22:04,R_3exIiZ3QDW5QwJc,,,,,51.5164032,-0.093002319,anonymous,EN,32,Male,United Kingdom,White,Master's degree,8,29,No,1200,7,Damage,3000,2900,Team,"Training maps (workshop),VOD reviewing,Coaching (individual)",60,0,30,0,0,10,0,0,0,40,15,0,0,0,0,0,0,0,0,0,0,0,0,20,25,Professional,No,TouJf0mx1623182910754
08/06/2021 22:34,08/06/2021 22:37,IP Address,81.97.4.246,100,210,TRUE,08/06/2021 22:37,R_1DNJGgLcHocNYCj,,,,,53.25579834,-1.429199219,anonymous,EN,18,Male,United Kingdom,Other,High school degree or equivalent (A levels),7,15,Yes,1500,21,Damage,3700,3700,Team,Training maps (workshop),35,25,20,0,0,20,0,0,0,0,100,0,0,0,0,0,0,0,0,0,0,0,0,0,0,Casual,No,oAnbVi7E1623186720350
09/06/2021 00:17,09/06/2021 00:26,IP Address,2.15.230.121,100,585,TRUE,09/06/2021 00:26,R_2CDEN9Z03xd3ANL,,,,,43.56520081,7.13180542,anonymous,EN,23,Male,France,White,Bachelor's degree,5,18,No,1145,7,Tank,2597,2270,Team,"Training maps (workshop),YouTube video",30,25,30,5,10,0,0,95,0,0,0,0,0,0,0,0,0,0,0,0,0,5,0,0,0,Casual,No,8MaWixZ41623192364013
17/06/2021 17:30,17/06/2021 17:35,IP Address,109.153.224.176,100,315,TRUE,17/06/2021 17:35,R_1KoTcyT1JInj2M8,,,,,53.26269531,-1.483901978,anonymous,EN,18,Male,United Kingdom,White,High school degree or equivalent (A levels),7,15,Yes,1200,15,Damage,4254,4104,Solo queue,Training maps (workshop),80,5,5,0,10,0,0,0,0,5,10,0,0,5,0,0,0,5,0,0,0,0,0,0,75,Casual,No,FbWHxQjp1623946211837
02/07/2021 23:02,02/07/2021 23:08,IP Address,77.97.245.197,100,376,TRUE,02/07/2021 23:08,R_1QGHYi2CuJi9Xr5,,,,,51.65390015,-0.088806152,anonymous,EN,23,Male,United Kingdom,White,Bachelor's degree,4,19,No,3000,4,Tank,3850,3700,Solo queue,VOD reviewing,20,10,10,20,15,5,20,5,25,25,5,5,0,0,0,0,0,0,0,0,0,5,0,0,30,Casual,No,K00kP6zD1625262092016
02/07/2021 23:12,02/07/2021 23:17,IP Address,189.158.226.42,100,271,TRUE,02/07/2021 23:17,R_3oR7mR4YyD67Ds7,,,,,25.77020264,-100.3916016,anonymous,EN,27,Male,Mexico,Hispanic or Latino,Bachelor's degree,6,22,No,1015,9,Tank,3000,2500,Solo queue,"Training maps (workshop),YouTube video",5,25,15,25,5,25,0,0,0,0,0,0,0,0,0,0,0,0,0,0,0,0,0,0,100,Casual,No,kWUvX8Nm1625262420154
02/07/2021 23:24,02/07/2021 23:30,IP Address,173.90.168.118,100,325,TRUE,02/07/2021 23:30,R_8G336gK9IMkgFeF,,,,,41.39590454,-82.00350189,anonymous,EN,27,Male,United States,White,Bachelor's degree,7,19,No,200,20,Tank,3000,3000,Team,"Training maps (workshop),YouTube video,Coaching (team)",20,10,30,10,20,10,0,10,0,0,30,0,20,0,0,0,0,20,0,0,0,20,0,0,0,Professional,Yes,NAlDXKUp1625263234825
02/07/2021 23:31,02/07/2021 23:36,IP Address,93.173.120.5,100,295,TRUE,02/07/2021 23:36,R_sTmIfEwqrds766Z,,,,,32.06660461,34.76519775,anonymous,EN,21,Male,Israel,White,High school degree or equivalent (A levels),6,17,No,500,4,Support,4300,4000,Solo queue,YouTube video,95,0,0,0,0,0,5,74,0,1,1,0,0,0,0,0,0,0,0,0,0,0,5,19,0,Casual,No,DPXvzMod1625263591137
02/07/2021 23:31,02/07/2021 23:39,IP Address,74.141.225.196,100,479,TRUE,02/07/2021 23:39,R_2ayLGKVAXjPhdXV,,,,,40.15229797,-84.25019836,anonymous,EN,32,Male,United States ,White,Bachelor's degree,6,31,No,150,3,Tank,2000,2000,Team,Training maps (workshop),20,10,10,20,10,30,0,10,5,5,10,5,0,0,20,0,0,5,0,20,0,20,0,0,0,Casual,No,jBDGiVbS1625263525814
02/07/2021 22:54,02/07/2021 23:41,IP Address,72.13.86.178,100,2802,TRUE,02/07/2021 23:41,R_yViuIY3ZMgWCnpn,,,,,37.36979675,-121.8160019,anonymous,EN,30,Female,US,White,Bachelor's degree,8,20,Yes,123,124,Tank,123,123,Solo queue,Training maps (workshop),10,10,10,10,10,10,40,0,0,0,0,0,0,0,0,100,0,0,0,0,0,0,0,0,0,Casual,Yes,zQNGjalR1625262824654
02/07/2021 23:36,02/07/2021 23:44,IP Address,5.70.130.254,100,459,TRUE,02/07/2021 23:44,R_a9nLxwwq7Y8QRHj,,,,,51.75219727,-1.836898804,anonymous,EN,19,Male,England,White,High school degree or equivalent (A levels),5,14,Yes,3000,8,Damage,2730,2450,Solo queue,"Training maps (workshop),YouTube video",70,15,15,0,0,0,0,5,30,0,0,0,0,0,0,0,0,0,0,0,0,0,0,5,60,Casual,No,2JX3xOJ01625264011299
03/07/2021 00:41,03/07/2021 00:43,IP Address,66.75.235.21,100,105,TRUE,03/07/2021 00:43,R_3sax9acOjW0lWwm,,,,,32.7993927,-117.1685944,anonymous,EN,25,Male,United States,White,Master's degree,7,18,Yes,500,16,Tank,3200,3200,Team,"Training maps (workshop),YouTube video",20,20,30,20,10,0,0,0,20,0,30,0,0,20,0,0,0,0,0,0,30,0,0,0,0,Casual,No,EWvgJoUr1625265358271
03/07/2021 01:34,03/07/2021 01:37,IP Address,86.133.85.116,100,179,TRUE,03/07/2021 01:37,R_337sG72OysKkpnd,,,,,53.07069397,-2.55329895,anonymous,EN,18,Male,United Kingdom,Asian/Pacific Islander,High school degree or equivalent (A levels),8,13,No,400,15,Damage,2100,1950,Solo queue,"Training maps (workshop),VOD reviewing,YouTube video",40,0,0,10,0,50,0,0,0,75,0,0,0,0,0,15,0,0,0,0,0,0,10,0,0,Casual,No,jyTYYB0J1625271013012
03/07/2021 01:37,03/07/2021 01:40,IP Address,142.126.182.153,100,171,TRUE,03/07/2021 01:40,R_3hfnp1240toCnFN,,,,,43.69110107,-79.33529663,anonymous,EN,35,Male,Canada,Asian/Pacific Islander,Bachelor's degree,7,30,No,1200,10,Support,3500,3221,Solo queue,"Training maps (workshop),YouTube video",75,10,10,5,0,0,0,0,10,0,10,0,0,10,0,0,0,0,10,0,0,10,0,0,50,Casual,No,4xgijuVR1625270926699
03/07/2021 02:38,03/07/2021 02:42,IP Address,72.20.86.199,100,282,TRUE,03/07/2021 02:42,R_2ZC7qcjeJ7zSs4R,,,,,46.80569458,-102.7565002,anonymous,EN,20,Female,"Albany, New York",Black or African American,Bachelor's degree,6,18,Yes,1,0.5,Tank,100,100,Team,Coaching (individual),20,10,30,10,20,10,0,10,10,10,5,10,5,5,5,5,5,10,0,10,0,5,5,0,0,Casual,No,UrTwF0611625274503638
03/07/2021 03:09,03/07/2021 03:14,IP Address,50.26.126.158,100,271,TRUE,03/07/2021 03:14,R_VUStF18KyvtMY6t,,,,,35.22940063,-101.8106003,anonymous,EN,42,Female,English,White,Bachelor's degree,6,8,No,25,0.5,Tank,1500,2000,Solo queue,Coaching (individual),15,25,25,5,5,15,10,15,0,10,5,5,5,5,15,5,5,5,5,5,5,5,5,0,0,Professional,No,UB0GLJ1S1625275445621
03/07/2021 03:28,03/07/2021 03:32,IP Address,73.116.111.133,100,265,TRUE,03/07/2021 03:32,R_2R7VvVbrqoKL9Zi,,,,,39.74580383,-121.8443985,anonymous,EN,19,Female,New Iberia,Asian/Pacific Islander,No schooling completed,4,18,Yes,8,5,Damage,20,30,Solo queue,Coaching (individual),10,20,20,10,10,10,20,10,10,10,10,0,0,0,0,0,0,0,0,20,0,20,0,20,0,Casual,Yes,08w1C78V1625277753825
03/07/2021 03:30,03/07/2021 03:35,IP Address,74.76.30.35,100,301,TRUE,03/07/2021 03:35,R_1q55ECCSODnCeOf,,,,,42.70239258,-74.92019653,anonymous,EN,25,Female,"Atlanta, Georgia",Native American or American Indian,Bachelor's degree,7,16,Yes,350,3,Tank,50,50,Team,"YouTube video,Coaching (individual)",10,20,40,10,20,0,0,20,10,10,10,20,10,10,10,0,0,0,0,0,0,0,0,0,0,Casual,No,ZopdMFbw1625277959111
03/07/2021 03:47,03/07/2021 03:51,IP Address,71.227.211.192,100,218,TRUE,03/07/2021 03:51,R_WC0y2mULt2H0Lap,,,,,48.01319885,-122.0679016,anonymous,EN,28,Female,USA,Native American or American Indian,Bachelor's degree,5,18,Yes,120,14,Damage,4000,2000,Team,"VOD reviewing,Coaching (team)",20,10,20,0,50,0,0,0,0,0,20,40,10,0,0,20,0,0,10,0,0,0,0,0,0,Casual,Yes,Qn8mHe0V1625278500136
03/07/2021 03:55,03/07/2021 03:59,IP Address,72.128.22.115,100,250,TRUE,03/07/2021 03:59,R_eaMGOP1e6KasTS1,,,,,33.00320435,-96.54340363,anonymous,EN,25,Male,United States,White,Master's degree,6,21,Yes,700,4,Support,3100,2800,Team,"Training maps (workshop),VOD reviewing,YouTube video",40,0,20,20,0,20,0,0,0,0,20,0,0,0,0,0,0,0,0,0,0,0,0,30,50,Casual,No,Pf8EZEz91625279496481
03/07/2021 04:31,03/07/2021 04:33,IP Address,216.16.58.41,100,143,TRUE,03/07/2021 04:33,R_31LgJPUOvBL58c1,,,,,44.90480042,-97.1242981,anonymous,EN,29,Female,Walter E Cloud,White,High school degree or equivalent (A levels),6,18,Yes,15,20,Tank,20,10,Solo queue,YouTube video,20,0,0,50,0,30,0,20,0,0,20,0,0,20,0,0,0,20,0,0,0,20,0,0,0,Professional,Yes,p5T0z4fp1625282143949
03/07/2021 04:35,03/07/2021 04:38,IP Address,24.162.11.149,100,145,TRUE,03/07/2021 04:38,R_2B5m2nZllTq7eRU,,,,,29.54429626,-98.54989624,anonymous,EN,18,Male,"Owosso, Michigan",Black or African American,High school degree or equivalent (A levels),6,18,No,0.5,2,Support,50,20,Team,Coaching (individual),10,20,10,10,30,10,10,10,10,5,5,10,20,10,30,0,0,0,0,0,0,0,0,0,0,Casual,Yes,Ae5apEoW1625282318304
03/07/2021 04:38,03/07/2021 04:42,IP Address,98.32.170.7,100,263,TRUE,03/07/2021 04:42,R_1CfhHW9an4C3iVh,,,,,41.47799683,-87.94830322,anonymous,EN,39,Prefer not to say,English,White,Bachelor's degree,4,2,No,580,5,Tank,3500,1000,Solo queue,VOD reviewing,50,15,20,15,0,0,0,0,0,0,25,0,0,0,25,0,0,30,0,0,20,0,0,0,0,Casual,No,fH0C9Zz01625282128398
03/07/2021 04:43,03/07/2021 04:47,IP Address,24.10.10.47,100,269,TRUE,03/07/2021 04:47,R_123HlciolzKpfJh,,,,,38.46890259,-121.3440018,anonymous,EN,35,Male,United States,Asian/Pacific Islander,Master's degree,8,30,No,900,10,Prefer not to say,3700,3000,Solo queue,"YouTube video,Other",50,0,0,0,0,0,50,0,0,0,0,0,0,0,0,0,0,0,0,0,0,0,0,0,100,Casual,No,UGW6dTXz1625282399680
03/07/2021 04:50,03/07/2021 04:53,IP Address,72.199.232.176,100,185,TRUE,03/07/2021 04:53,R_31gCWpL02gTmB58,,,,,33.03129578,-116.8578949,anonymous,EN,23,Female," New York, New York",Hispanic or Latino,Bachelor's degree,6,17,Yes,350,25,Tank,56,56,Team,"VOD reviewing,YouTube video",10,30,20,10,10,20,0,10,20,10,10,10,30,10,0,0,0,0,0,0,0,0,0,0,0,Casual,No,CZttY5qt1625283263127
03/07/2021 05:20,03/07/2021 05:22,IP Address,50.93.2.216,100,175,TRUE,03/07/2021 05:22,R_AvudamZUYIwHzQB,,,,,51.0605011,-114.110199,anonymous,EN,25,Other,Canada,White,Bachelor's degree,7,24,Yes,1500,6,Support,3120,2810,Solo queue,YouTube video,90,0,10,0,0,0,0,100,0,0,0,0,0,0,0,0,0,0,0,0,0,0,0,0,0,Casual,No,5ZAUYEfu1625284291044
03/07/2021 06:38,03/07/2021 06:41,IP Address,73.93.239.119,100,161,TRUE,03/07/2021 06:41,R_21cd426pq6AWXIV,,,,,37.76879883,-122.262001,anonymous,EN,44,Male,usa,Native American or American Indian,Bachelor's degree,2,42,Yes,600,10,Damage,3800,3500,Solo queue,YouTube video,50,0,0,0,0,0,50,0,0,0,0,0,0,0,0,0,0,0,0,0,0,0,0,0,100,Casual,Yes,9g0tgj3o1625289621135
03/07/2021 07:16,03/07/2021 07:19,IP Address,72.190.10.204,100,159,TRUE,03/07/2021 07:19,R_2AMDpEoQ8kiSlTO,,,,,32.85450745,-96.59909821,anonymous,EN,28,Male,Canada,White,Bachelor's degree,5,17,Yes,120,24,Tank,3500,1000,Team,"Training maps (workshop),YouTube video",20,20,10,10,40,0,0,0,0,30,0,40,0,0,10,0,20,0,0,0,0,0,0,0,0,Casual,Yes,Q0Tv85Ei1625292053607
03/07/2021 07:45,03/07/2021 07:49,IP Address,72.177.102.46,100,247,TRUE,03/07/2021 07:49,R_3jYWkTm5uO1uP1M,,,,,30.77659607,-98.2641983,anonymous,EN,21,Male,Norwalk,Asian/Pacific Islander,High school degree or equivalent (A levels),4,10,Yes,12,10,Damage,10,6,Team,"VOD reviewing,Coaching (individual)",15,5,11,9,20,20,20,10,2,3,5,8,2,3,3,3,4,7,10,5,5,5,5,10,10,Casual,Yes,yMFSs2dH1625293521084
03/07/2021 07:48,03/07/2021 07:52,IP Address,173.168.9.45,100,197,TRUE,03/07/2021 07:52,R_71HmKwfHU3ph3pL,,,,,28.00559998,-82.11219788,anonymous,EN,18,Male,"Madison, Wisconsin",Black or African American,High school degree or equivalent (A levels),7,16,No,2,3,Support,50,30,Team,Coaching (individual),15,20,10,10,5,20,20,10,10,10,10,20,20,20,0,0,0,0,0,0,0,0,0,0,0,Casual,Yes,fX1pz3Sj1625294141545
03/07/2021 07:52,03/07/2021 07:54,IP Address,99.41.102.251,100,129,TRUE,03/07/2021 07:54,R_a3jE6d2L8dtZJJf,,,,,36.02839661,-95.93060303,anonymous,EN,20,Female, Ravenna,Black or African American,High school degree or equivalent (A levels),5,18,Yes,10,8,Tank,16,12,Solo queue,VOD reviewing,10,10,10,20,50,0,0,10,0,0,0,0,30,0,0,0,10,0,0,20,0,0,30,0,0,Professional,Yes,dg769fj21625294259947
03/07/2021 08:06,03/07/2021 08:10,IP Address,67.185.227.114,100,201,TRUE,03/07/2021 08:10,R_33dPfMXCTQz1RbY,,,,,47.65170288,-117.0838013,anonymous,EN,18,Male,State,White,High school degree or equivalent (A levels),5,14,Yes,300,2,Tank,3500,500,Solo queue,Coaching (individual),25,50,15,5,5,0,0,25,0,50,15,0,10,0,0,0,0,0,0,0,0,0,0,0,0,Professional,No,QIOlp8Sd1625295119324
03/07/2021 08:19,03/07/2021 08:23,IP Address,173.68.79.247,100,265,TRUE,03/07/2021 08:23,R_2SIkh9kiVGFVvP8,,,,,40.57949829,-73.98889923,anonymous,EN,20,Female," Council Hill, Oklahoma",Native American or American Indian,Bachelor's degree,7,16,Yes,240,30,Tank,56,56,Team,"VOD reviewing,YouTube video,Coaching (individual)",10,20,30,10,10,10,10,10,10,20,10,10,10,10,10,10,0,0,0,0,0,0,0,0,0,Casual,Yes,N50NpdmQ1625295906390
03/07/2021 08:47,03/07/2021 08:50,IP Address,74.96.205.175,100,159,TRUE,03/07/2021 08:50,R_22KzZARfFmhibo1,,,,,38.83410645,-76.79740143,anonymous,EN,21,Female,Longview,Black or African American,High school degree or equivalent (A levels),6,10,Yes,10,8,Tank,5,3,Team,VOD reviewing,10,20,15,5,25,5,20,10,5,3,2,10,5,5,2,5,8,7,3,6,4,5,5,5,10,Professional,Yes,VrL0c3wK1625297442109
03/07/2021 08:59,03/07/2021 09:01,IP Address,104.220.208.88,100,152,TRUE,03/07/2021 09:01,R_1qUGaNEvrqBFdla,,,,,38.56619263,-121.5525055,anonymous,EN,20,Female,"Fort Myers, Florida",Black or African American,High school degree or equivalent (A levels),7,18,No,0.5,3,Support,20,60,Team,Coaching (individual),20,20,30,10,10,10,0,0,10,0,20,0,20,0,20,0,0,30,0,0,0,0,0,0,0,Casual,No,b9JXhJE01625298322078
03/07/2021 09:09,03/07/2021 09:12,IP Address,174.52.45.232,100,128,TRUE,03/07/2021 09:12,R_21yYiHoAdCtXrNL,,,,,40.5980072,-111.9618988,anonymous,EN,24,Male,State,White,High school degree or equivalent (A levels),7,12,Yes,500,2,Tank,5000,200,Solo queue,VOD reviewing,50,25,25,0,0,0,0,20,0,25,0,0,25,0,30,0,0,0,0,0,0,0,0,0,0,Casual,No,IfRYGq0o1625298802509
03/07/2021 09:17,03/07/2021 09:20,IP Address,71.193.129.49,100,162,TRUE,03/07/2021 09:20,R_30obALimIcmmmSQ,,,,,44.94659424,-123.010498,anonymous,EN,20,Female, Baltimore,Black or African American,Less than a high school diploma (GCSEs),5,16,Yes,10,10,Tank,25,15,Solo queue,VOD reviewing,20,0,0,20,30,30,0,0,0,0,10,0,0,50,0,0,0,0,20,10,0,0,10,0,0,Professional,Yes,Z094jLkj1625299301133
03/07/2021 09:18,03/07/2021 09:30,IP Address,95.131.44.86,100,767,TRUE,03/07/2021 09:30,R_Dq4LXy4F3vTbFXb,,,,,43.14790344,12.10969543,anonymous,EN,18,Male,Italy,White,High school degree or equivalent (A levels),7,16,Yes,1000,7.5,Damage,3999,3750,Prefer not to say,Prefer not to say,95,0,0,5,0,0,0,0,0,0,0,0,0,0,0,0,0,0,0,0,0,0,0,0,100,Casual,No,tRClJT6T1625297639039
03/07/2021 09:29,03/07/2021 09:33,IP Address,73.11.66.129,100,195,TRUE,03/07/2021 09:33,R_2saxQ6UOBCwxoiV,,,,,45.69520569,-122.6540985,anonymous,EN,25,Male,USA,White,Bachelor's degree,7,17,Yes,3000,40,Damage,4000,3000,Team,"YouTube video,Coaching (individual)",20,10,30,10,30,0,0,20,30,0,0,0,10,0,0,0,20,0,0,0,20,0,0,0,0,Casual,Yes,iL03H5W91625300964883
03/07/2021 09:46,03/07/2021 09:50,IP Address,97.98.38.172,100,267,TRUE,03/07/2021 09:50,R_2Edf9JzuZU46xeb,,,,,28.42219543,-97.76159668,anonymous,EN,26,Male,Richmond,White,High school degree or equivalent (A levels),3,25,Yes,6,12,Damage,10,12,Solo queue,Training maps (workshop),10,25,5,15,16,14,15,3,7,10,10,5,5,10,10,5,5,5,5,3,2,3,2,5,5,Professional,Yes,3i0PdU4h1625301204743
03/07/2021 09:57,03/07/2021 10:01,IP Address,124.123.167.142,100,218,TRUE,03/07/2021 10:01,R_1eXBLWtEm4IQmkJ,,,,,17.42539978,78.50750732,anonymous,EN,19,Male,India,Asian/Pacific Islander,High school degree or equivalent (A levels),5,17,No,60,2,Damage,2300,1800,Team,YouTube video,0,40,40,20,0,0,0,0,20,20,0,20,0,0,0,0,0,0,0,0,40,0,0,0,0,Casual,No,nrOHI3ty1625300971860
03/07/2021 09:58,03/07/2021 10:04,IP Address,119.235.50.58,100,352,TRUE,03/07/2021 10:04,R_1mtnelgolGSy51S,,,,,16.24130249,80.64880371,anonymous,EN,29,Male,India,Asian/Pacific Islander,Bachelor's degree,4,27,Yes,120,6,Damage,2200,1650,Team,YouTube video,10,30,0,0,30,30,0,0,15,35,15,0,0,0,10,10,0,5,0,0,10,0,0,0,0,Casual,No,9XN4D20y1625301011077
03/07/2021 10:06,03/07/2021 10:13,IP Address,103.215.53.192,100,390,TRUE,03/07/2021 10:13,R_3HvIxcoNaA4UdaU,,,,,10.9138031,75.91720581,anonymous,EN,23,Male,India,Asian/Pacific Islander,Bachelor's degree,4,19,No,485,12,Support,2370,1800,Team,YouTube video,20,0,65,5,0,5,5,0,5,25,0,25,0,0,15,0,0,0,0,0,0,0,0,10,20,Casual,No,9WyZg2m61625301294615
03/07/2021 10:12,03/07/2021 10:14,IP Address,99.248.41.134,100,112,TRUE,03/07/2021 10:14,R_OBwKwZljBP0cs8h,,,,,43.89419556,-78.76519775,anonymous,EN,18,Female,Dennis H Curtis,Asian/Pacific Islander,High school degree or equivalent (A levels),4,20,Yes,10,2,Damage,10,10,Prefer not to say,Training maps (workshop),50,0,0,30,20,0,0,0,0,0,0,0,0,0,50,0,0,30,0,0,20,0,0,0,0,Professional,Yes,ykNllrAC1625302630512
03/07/2021 10:12,03/07/2021 10:15,IP Address,67.170.174.161,100,151,TRUE,03/07/2021 10:15,R_2v7jZCpamLqd2Em,,,,,45.51109314,-122.5999985,anonymous,EN,20,Female,"Wichita, Kansas",Black or African American,High school degree or equivalent (A levels),5,19,No,0.5,2,Support,30,40,Team,VOD reviewing,10,20,20,10,20,20,0,10,10,20,5,5,10,0,20,0,0,20,0,0,0,0,0,0,0,Casual,No,DTizH5FP1625302323313
03/07/2021 10:11,03/07/2021 10:16,IP Address,1.22.164.224,100,311,TRUE,03/07/2021 10:16,R_8v10QNNXI9HaaPL,,,,,12.96339417,77.58551025,anonymous,EN,22,Male,India,Asian/Pacific Islander,Bachelor's degree,7,20,No,2,4,Support,70,100,Solo queue,YouTube video,10,10,40,0,40,0,0,0,0,0,20,10,0,10,0,0,0,0,30,0,30,0,0,0,0,Casual,No,rxiMe7fc1625301529937
03/07/2021 10:02,03/07/2021 10:23,IP Address,45.118.166.123,100,1229,TRUE,03/07/2021 10:23,R_1M3ipT4aCPAgpSp,,,,,28.63279724,77.22039795,anonymous,EN,23,Male,USA,White,Bachelor's degree,7,19,No,649,3,Damage,3678,3240,Prefer not to say,"Training maps (workshop),VOD reviewing,YouTube video",25,25,10,20,10,10,0,5,5,20,10,5,10,5,5,10,0,0,0,0,5,0,10,10,0,Casual,Prefer not to say,xEr98bZe1625301025162
03/07/2021 10:17,03/07/2021 10:30,IP Address,117.200.234.64,100,777,TRUE,03/07/2021 10:30,R_XyUs2RRIpFJrCbn,,,,,25.59080505,85.13479614,anonymous,EN,21,Male,UK,White,Bachelor's degree,3,18,No,300,2,Tank,2800,2600,Team,"Training maps (workshop),YouTube video",50,20,10,5,10,5,0,10,10,20,10,10,0,0,0,0,0,10,0,0,20,10,0,0,0,Casual,Yes,5dBBOQVu1625302243651
03/07/2021 10:28,03/07/2021 10:31,IP Address,47.145.192.247,100,200,TRUE,03/07/2021 10:31,R_1oF0trSLS91N4M2,,,,,33.9776001,-117.7375031,anonymous,EN,20,Female,United States,White,High school degree or equivalent (A levels),9,19,No,100,2,Support,1,1,Solo queue,Other,40,30,30,0,0,0,0,25,0,0,0,0,75,0,0,0,0,0,0,0,0,0,0,0,0,Casual,No,0HxD3Wdc1625303059371
03/07/2021 10:41,03/07/2021 10:42,IP Address,96.58.199.192,100,71,TRUE,03/07/2021 10:42,R_rdncGwhzvbAnfAl,,,,,28.01089478,-82.49479675,anonymous,EN,24,Male,State,White,Bachelor's degree,8,14,Yes,250,2,Tank,5000,250,Solo queue,Training maps (workshop),25,25,50,0,0,0,0,25,50,25,0,0,0,0,0,0,0,0,0,0,0,0,0,0,0,Casual,No,yd0TMitG1625304577531
03/07/2021 10:42,03/07/2021 10:44,IP Address,97.98.38.172,100,153,TRUE,03/07/2021 10:44,R_ba5EOv95PEhfl5f,,,,,28.42219543,-97.76159668,anonymous,EN,26,Female,Rochester,Hispanic or Latino,Less than a high school diploma (GCSEs),7,12,Yes,12,10,Tank,10,10,Solo queue,VOD reviewing,10,15,15,20,15,15,10,10,5,5,5,5,3,2,5,5,5,3,7,2,8,10,10,5,5,Professional,Yes,KTuVAJV21625304479491
03/07/2021 10:25,03/07/2021 10:45,IP Address,202.179.94.110,100,1191,TRUE,03/07/2021 10:45,R_ptQcSLbvmQyyrD3,,,,,19.07479858,72.88560486,anonymous,EN,19,Male,India,Asian/Pacific Islander,High school degree or equivalent (A levels),9,18,No,1300,25,Damage,33,3256,Team,"Training maps (workshop),YouTube video",50,30,15,5,0,0,0,20,0,17,8,20,0,5,5,5,0,0,0,0,10,0,0,10,0,Casual,No,YR3EcHEh1625302245658
03/07/2021 10:43,03/07/2021 10:46,IP Address,76.127.74.213,100,147,TRUE,03/07/2021 10:46,R_Rh3QLcwsGqo0UIF,,,,,36.32870483,-119.6473999,anonymous,EN,25,Female,USA,White,Less than a high school diploma (GCSEs),6,20,Yes,500,20,Tank,3500,3000,Team,"VOD reviewing,YouTube video,Coaching (team)",20,0,0,50,30,0,0,0,20,0,30,0,30,0,0,10,10,0,0,0,0,0,0,0,0,Casual,Yes,7zL67yT01625304343063
03/07/2021 10:42,03/07/2021 10:49,IP Address,117.223.219.190,100,424,TRUE,03/07/2021 10:49,R_20P6rVQclgzSbGY,,,,,11.66870117,92.74938965,anonymous,EN,24,Male,India,Asian/Pacific Islander,Bachelor's degree,7,18,No,300,10,Damage,2400,2200,Solo queue,YouTube video,70,10,0,0,20,0,0,0,0,0,50,0,0,0,20,0,0,0,0,0,5,0,0,20,5,Casual,No,fqGTqbk21625303574542
03/07/2021 11:09,03/07/2021 11:12,IP Address,76.183.112.56,100,186,TRUE,03/07/2021 11:12,R_122R0V6OXHDzCGG,,,,,33.09509277,-96.88050079,anonymous,EN,46,Male,Washington,Hispanic or Latino,Bachelor's degree,7,20,Yes,10,26,Tank,10,25,Solo queue,VOD reviewing,20,10,10,10,10,30,10,0,20,20,0,0,20,0,0,30,0,0,0,10,0,0,0,0,0,Professional,Yes,9tJnzema1625305977450
03/07/2021 11:30,03/07/2021 11:32,IP Address,72.190.230.129,100,145,TRUE,03/07/2021 11:32,R_20MtYSrXKKLh447,,,,,29.34959412,-98.56089783,anonymous,EN,20,Female,"Crafton, Pennsylvania",Native American or American Indian,High school degree or equivalent (A levels),6,18,No,0.5,2,Support,30,210,Team,Coaching (individual),20,10,10,20,20,20,0,10,10,20,20,0,0,10,10,0,0,10,10,0,0,0,0,0,0,Casual,No,hEtlwJbl1625307258765
03/07/2021 11:32,03/07/2021 11:33,IP Address,76.183.112.56,100,86,TRUE,03/07/2021 11:33,R_yPzoFxsSS2rzqG5,,,,,33.09509277,-96.88050079,anonymous,EN,20,Male,: Muncie,Black or African American,High school degree or equivalent (A levels),5,20,Yes,10,20,Tank,20,10,Solo queue,Training maps (workshop),20,30,50,0,0,0,0,0,0,50,0,0,0,0,30,0,10,0,10,0,0,0,0,0,0,Professional,Yes,z5pjv3BJ1625307461262
03/07/2021 11:35,03/07/2021 11:38,IP Address,173.47.17.45,100,170,TRUE,03/07/2021 11:38,R_3iKFNY0oygpXVEB,,,,,33.40849304,-94.18190002,anonymous,EN,19,Male,State,White,Master's degree,6,2,Yes,3500,50,Tank,5000,50,Solo queue,Training maps (workshop),50,25,25,0,0,0,0,35,25,20,20,0,0,0,0,0,0,0,0,0,0,0,0,0,0,Casual,No,GlQf6Pis1625307697969
03/07/2021 11:41,03/07/2021 11:43,IP Address,104.9.230.231,100,137,TRUE,03/07/2021 11:43,R_3HFFzOFArBd3EC3,,,,,33.85740662,-84.01300049,anonymous,EN,19,Female,Montgomery,Asian/Pacific Islander,High school degree or equivalent (A levels),7,10,Yes,10,10,Tank,2,6,Team,Training maps (workshop),10,5,5,20,30,15,15,5,5,5,5,3,7,2,8,6,4,15,5,5,5,5,3,2,10,Professional,Yes,u3UiQc7w1625308089800
03/07/2021 12:26,03/07/2021 12:32,IP Address,186.223.179.75,100,336,TRUE,03/07/2021 12:32,R_2BrstnWWPQPzmS4,,,,,-22.92010498,-43.08110046,anonymous,EN,21,Male,Brazil,Hispanic or Latino,High school degree or equivalent (A levels),6,17,Yes,700,6,Support,2800,2650,Team,"VOD reviewing,YouTube video",10,40,10,5,10,20,5,0,0,0,0,0,0,0,0,0,0,0,0,0,0,0,0,5,95,Casual,No,wngGKZs81625309979283
03/07/2021 13:08,03/07/2021 13:11,IP Address,98.111.232.103,100,180,TRUE,03/07/2021 13:11,R_3GkUGqr0S6rVXgX,,,,,40.43240356,-79.92469788,anonymous,EN,28,Male,United States,White,Bachelor's degree,6,22,Yes,300,12,Damage,2800,2500,Solo queue,"Training maps (workshop),Coaching (team)",10,20,40,20,10,0,0,0,0,20,40,20,0,0,20,0,0,0,0,0,0,0,0,0,0,Professional,Yes,GFtbhQ0L1625312672566
03/07/2021 13:37,03/07/2021 13:41,IP Address,76.80.75.213,100,279,TRUE,03/07/2021 13:41,R_1ohuYW7rfp44FS9,,,,,34.11799622,-118.3302994,anonymous,EN,25,Male,America,White,Bachelor's degree,5,18,Yes,1000,30,Damage,3500,2900,Solo queue,"Training maps (workshop),VOD reviewing,YouTube video",80,0,20,0,0,0,0,0,0,30,50,0,0,0,20,0,0,0,0,0,0,0,0,0,0,Casual,No,5VvGMOI01625314347058
03/07/2021 14:06,03/07/2021 14:10,IP Address,103.22.143.108,100,269,TRUE,03/07/2021 14:10,R_DeGGY9SwtZqRYZz,,,,,26.95249939,75.710495,anonymous,EN,19,Male,India,Asian/Pacific Islander,Bachelor's degree,8,18,No,42,6,Damage,2620,2620,Team,YouTube video,30,50,0,0,0,20,0,0,0,50,0,0,0,0,0,0,0,0,0,0,20,0,0,30,0,Casual,No,WxMpXfWt1625315089094
03/07/2021 14:15,03/07/2021 14:25,IP Address,45.50.101.57,100,561,TRUE,03/07/2021 14:25,R_3dPNIXCbQW0motZ,,,,,34.03799438,-118.4543991,anonymous,EN,30,Male,America ,White,High school degree or equivalent (A levels),7,20,Yes,500,20,Damage,2500,2000,Solo queue,"Training maps (workshop),VOD reviewing",60,20,0,5,10,5,0,0,0,30,30,20,0,0,10,0,0,0,0,0,0,0,10,0,0,Casual,No,AUCgzF021625316260953
03/07/2021 14:32,03/07/2021 14:36,IP Address,86.133.85.116,100,234,TRUE,03/07/2021 14:36,R_2WDzfWfWjPne97T,,,,,53.07069397,-2.55329895,anonymous,EN,24,Female,United Kingdom,Asian/Pacific Islander,Bachelor's degree,6,21,No,100,2,Support,2500,2200,Team,"Training maps (workshop),YouTube video,Other",5,0,30,40,25,0,0,0,0,70,0,0,0,0,0,0,0,0,0,0,0,0,30,0,0,Casual,No,ladQY4FR1625316869682
03/07/2021 18:03,03/07/2021 18:06,IP Address,75.162.177.113,100,159,TRUE,03/07/2021 18:06,R_1jJ19fVpZS0Uk6u,,,,,41.62440491,-93.66940308,anonymous,EN,24,Male,United States,White,Master's degree,7,18,Yes,400,21,Support,4000,3800,Solo queue,"Training maps (workshop),Coaching (individual)",10,10,30,20,20,10,0,10,20,20,40,0,0,0,10,0,0,0,0,0,0,0,0,0,0,Casual,Yes,Y8PzDO6r1625330741495
03/07/2021 18:35,03/07/2021 18:40,IP Address,2.26.62.88,100,279,TRUE,03/07/2021 18:40,R_2DMI4cTmYMzRSUy,,,,,53.24020386,-2.908798218,anonymous,EN,18,Male,England,White,High school degree or equivalent (A levels),7,13,Yes,4000,35,Tank,4255,4100,Team,"Training maps (workshop),VOD reviewing",90,5,5,0,0,0,0,2,0,0,0,0,0,0,0,0,0,0,0,0,0,0,0,98,0,Casual,Yes,J0MalExc1625332460557
04/07/2021 06:46,04/07/2021 06:48,IP Address,68.110.183.211,100,123,TRUE,04/07/2021 06:48,R_3NV3uU987aApucc,,,,,41.38439941,-81.70030212,anonymous,EN,25,Male,United States,White,Bachelor's degree,5,21,Yes,200,10,Damage,2500,2500,Solo queue,"YouTube video,Coaching (individual)",20,10,30,10,20,10,0,0,10,10,20,10,30,20,0,0,0,0,0,0,0,0,0,0,0,Professional,Yes,80lUI55p1625376264965
04/07/2021 09:46,04/07/2021 10:02,IP Address,124.169.129.208,100,970,TRUE,04/07/2021 10:02,R_1kH0QEUSyp4bqF8,,,,,-42.88499451,147.3342896,anonymous,EN,22,Male,Australia,White,Bachelor's degree,6,17,No,800,10,Tank,3555,3246,Solo queue,"VOD reviewing,YouTube video",25,10,60,0,5,0,0,0,0,0,0,0,0,0,0,0,0,0,0,0,0,0,0,0,100,Casual,No,FqzowVmB1625387043211
04/07/2021 18:20,04/07/2021 18:24,IP Address,75.44.92.255,100,247,TRUE,04/07/2021 18:24,R_2dvj8dvl1e73Zu6,,,,,41.47810364,-81.57460022,anonymous,EN,27,Male,United States,White,Bachelor's degree,6,20,Yes,500,18,Damage,3400,3400,Team,"VOD reviewing,Coaching (individual)",10,10,20,20,20,20,0,10,10,0,30,0,10,30,0,0,0,0,10,0,0,0,0,0,0,Casual,Yes,bdgQe0j21625417825227
04/07/2021 19:24,04/07/2021 19:26,IP Address,64.85.172.33,100,127,TRUE,04/07/2021 19:26,R_2ZQPbryamvnpuum,,,,,41.44529724,-81.69909668,anonymous,EN,30,Male,United States,White,Bachelor's degree,7,22,Yes,300,12,Damage,3000,3000,Solo queue,"Training maps (workshop),YouTube video",20,20,20,20,10,10,0,20,0,10,20,10,0,20,0,0,0,0,0,0,20,0,0,0,0,Casual,Yes,OVvqmwF01625421976037
04/07/2021 21:03,04/07/2021 21:09,IP Address,99.106.84.51,100,351,TRUE,04/07/2021 21:09,R_1lgeEsmTAxbz7MZ,,,,,41.56359863,-81.57330322,anonymous,EN,27,Male,United States,White,Master's degree,8,19,Yes,1000,20,Support,4000,4000,Solo queue,"VOD reviewing,YouTube video",10,20,10,20,20,20,0,0,20,0,20,10,10,0,20,0,0,0,0,20,0,0,0,0,0,Professional,Yes,CZMzVHAB1625427885183
05/07/2021 16:46,05/07/2021 16:50,IP Address,68.44.143.143,100,264,TRUE,05/07/2021 16:50,R_1N4UirMKMmbE3tD,,,,,39.67570496,-86.06939697,anonymous,EN,25,Male,America,White,Bachelor's degree,7,16,Prefer not to say,5,15,Support,89,82,Prefer not to say,Coaching (individual),20,20,15,15,10,20,0,15,10,15,10,5,5,5,5,5,5,5,5,5,5,0,0,0,0,Casual,Prefer not to say,0uhgUllr1625498930814
05/07/2021 16:48,05/07/2021 16:56,IP Address,71.112.213.113,100,519,TRUE,05/07/2021 16:56,R_BKBsh4dkZhYY4yB,,,,,40.45620728,-79.81629944,anonymous,EN,21,Male,United States,White,High school degree or equivalent (A levels),7,19,No,1031,10,Damage,2233,2189,Prefer not to say,YouTube video,50,0,40,0,0,0,10,0,0,0,0,0,0,0,0,0,0,0,0,0,0,0,0,0,100,Casual,No,YMTO7xA51625498266609
05/07/2021 17:11,05/07/2021 17:18,IP Address,94.3.211.167,100,416,TRUE,05/07/2021 17:18,R_1H20qRKFRSYm19a,,,,,51.38459778,0.516998291,anonymous,EN,25,Male,United Kingdon,White,Master's degree,7,21,No,300,5,Tank,1996,1981,Team,Other,40,25,10,20,0,5,0,0,30,0,50,0,0,0,0,0,0,0,0,0,15,0,5,0,0,Casual,No,1x08eiE71625499225598
05/07/2021 17:28,05/07/2021 17:37,IP Address,172.58.185.245,100,563,TRUE,05/07/2021 17:37,R_3KH4rWroHFrQlOI,,,,,40.45210266,-79.92009735,anonymous,EN,22,Male,United States,White,Bachelor's degree,8,18,No,250,10,Tank,1498,1472,Solo queue,"VOD reviewing,YouTube video",90,0,10,0,0,0,0,0,0,2,0,2,0,0,0,0,0,0,0,0,0,0,0,0,96,Casual,No,sx1jxR6I1625500833949
05/07/2021 17:39,05/07/2021 17:42,IP Address,75.117.92.146,100,181,TRUE,05/07/2021 17:42,R_122OdZIARiXMxWw,,,,,40.80900574,-79.51889801,anonymous,EN,22,Male,United States of America,White,High school degree or equivalent (A levels),5,19,Yes,2400,3,Tank,4100,3950,Solo queue,"VOD reviewing,YouTube video,Coaching (individual)",40,25,0,0,0,25,10,20,0,0,0,0,0,0,0,0,0,0,0,0,0,0,0,0,80,Casual,No,MaYtQcwR1625501782634
05/07/2021 17:46,05/07/2021 17:55,IP Address,191.135.161.183,100,496,TRUE,05/07/2021 17:55,R_2YtX5RlPArgTbde,,,,,-22.94850159,-43.34359741,anonymous,EN,29,Male,Brazil,White,High school degree or equivalent (A levels),6,27,No,900,10,Support,1,1,Solo queue,"VOD reviewing,YouTube video",30,30,20,10,10,0,0,0,0,0,0,0,0,100,0,0,0,0,0,0,0,0,0,0,0,Casual,No,Cb4XmQkV1625502183757
05/07/2021 18:37,05/07/2021 18:40,IP Address,86.188.88.187,100,209,TRUE,05/07/2021 18:40,R_2zIT9Azm1yBaCiK,,,,,51.92649841,-0.099594116,anonymous,EN,20,Female,England,White,High school degree or equivalent (A levels),5,17,Yes,500,6,Support,4100,3800,Team,Other,70,0,30,0,0,0,0,40,0,0,0,0,0,0,0,0,0,0,0,0,0,0,20,0,40,Casual,No,VqUJC1tm1625505217065
05/07/2021 18:45,05/07/2021 18:53,IP Address,99.89.89.227,100,477,TRUE,05/07/2021 18:53,R_3PpD83eyeHv9Di8,,,,,34.11380005,-83.99909973,anonymous,EN,20,Male,United States of America,Asian/Pacific Islander,High school degree or equivalent (A levels),6,17,Yes,1100,18,Damage,4021,3830,Solo queue,Training maps (workshop),90,0,5,0,5,0,0,0,0,0,0,0,0,0,0,0,0,0,0,0,0,0,0,0,100,Casual,No,78oGkkUX1625505608135
05/07/2021 18:53,05/07/2021 19:01,IP Address,184.91.86.167,100,471,TRUE,05/07/2021 19:01,R_RQdDhmBpuUZzvOx,,,,,28.59779358,-81.30239868,anonymous,EN,18,Male,United States,Hispanic or Latino,High school degree or equivalent (A levels),6,13,Yes,400,10,Support,2582,2318,Team,"Training maps (workshop),VOD reviewing,YouTube video",45,25,25,1,2,0,2,0,10,0,0,0,0,0,0,0,0,0,0,0,0,0,0,10,80,Casual,No,MuFcUttz1625505916138
05/07/2021 19:03,05/07/2021 19:08,IP Address,47.225.170.207,100,300,TRUE,05/07/2021 19:08,R_3hDy4FFSF5Bt4eX,,,,,43.11520386,-85.51360321,anonymous,EN,18,Male,United States,White,High school degree or equivalent (A levels),7,13,No,1500,8,Tank,3271,3098,Solo queue,"Training maps (workshop),Coaching (team),Other",35,40,20,5,0,0,0,10,0,0,0,10,0,0,0,60,0,0,0,0,0,0,0,0,20,Casual,No,4HW6JE0s1625506644647
05/07/2021 19:10,05/07/2021 19:17,IP Address,134.215.152.95,100,423,TRUE,05/07/2021 19:17,R_2aejtWC5lQtf2mm,,,,,43.18989563,-89.21849823,anonymous,EN,23,Prefer not to say,United States,White,Bachelor's degree,8,19,No,500,10,Support,2800,1800,Solo queue,YouTube video,65,0,25,10,0,0,0,0,0,0,0,0,0,0,0,0,0,0,0,0,0,0,0,100,0,Casual,No,ozfzvbAh1625506979705
05/07/2021 19:24,05/07/2021 19:29,IP Address,132.210.89.65,100,313,TRUE,05/07/2021 19:29,R_qRDgIby8oNxSXWV,,,,,45.4125061,-71.92620087,anonymous,EN,43,Male,Canada,White,Doctorate degree,7,37,Yes,1200,8,Support,1800,1500,Solo queue,"Training maps (workshop),VOD reviewing,YouTube video",40,15,30,5,5,0,5,5,0,0,0,0,5,5,0,0,0,0,0,0,0,0,0,0,85,Casual,No,PfY06X9o1625507701010
05/07/2021 19:46,05/07/2021 19:52,IP Address,88.230.55.118,100,385,TRUE,05/07/2021 19:52,R_2wLhmyPJ2IVydIt,,,,,37.21670532,28.36740112,anonymous,EN,37,Male,Turkey,White,Bachelor's degree,9,32,Yes,765,18,Support,2000,1800,Team,"Training maps (workshop),YouTube video,Other",60,30,10,0,0,0,0,0,15,0,0,0,0,0,0,0,0,0,0,0,0,0,0,0,85,Casual,No,qJn0YZje1625509146369
05/07/2021 20:35,05/07/2021 20:43,IP Address,73.246.171.114,100,497,TRUE,05/07/2021 20:43,R_3IaBZR5KJXidajz,,,,,41.76879883,-88.34049988,anonymous,EN,19,Female,United States,Hispanic or Latino,High school degree or equivalent (A levels),4,18,No,621,13,Damage,2258,1999,Solo queue,"Training maps (workshop),YouTube video",50,20,30,0,0,0,0,10,0,20,0,30,20,0,0,20,0,0,0,0,0,0,0,0,0,Casual,No,Y92TMq8r1625510939979
05/07/2021 20:55,05/07/2021 21:03,IP Address,68.58.40.169,100,487,TRUE,05/07/2021 21:03,R_3DbVN67t7vgqkT9,,,,,39.84989929,-86.26490021,anonymous,EN,21,Other,Canada,White,High school degree or equivalent (A levels),6,18,No,974,10,Support,1,1,Team,Other,3,10,87,0,0,0,0,0,0,0,0,0,0,0,0,0,0,0,0,0,0,0,0,0,100,Casual,No,2yuDrRkj1625513007633
05/07/2021 21:40,05/07/2021 21:44,IP Address,86.135.68.17,100,237,TRUE,05/07/2021 21:44,R_10x56zXw2kOD0c0,,,,,51.32569885,-0.097595215,anonymous,EN,18,Male,United Kingdom,White,High school degree or equivalent (A levels),8,15,No,400,4,Tank,2820,2820,Team,"Training maps (workshop),YouTube video",50,5,30,15,0,0,0,0,0,0,0,10,5,0,0,0,0,0,0,0,0,0,0,0,85,Casual,No,9n04RZnh1625516204165
05/07/2021 22:06,05/07/2021 22:13,IP Address,82.69.31.156,100,444,TRUE,05/07/2021 22:13,R_1IlO3gLmnzBNjWe,,,,,51.39169312,-0.509902954,anonymous,EN,20,Male,United Kingdom,White,High school degree or equivalent (A levels),8,19,Yes,555,15,Tank,2560,2450,Team,"VOD reviewing,YouTube video,Coaching (team)",60,5,0,0,0,0,35,0,0,0,0,0,0,0,0,0,0,0,0,0,0,0,0,0,100,Casual,Yes,aArk0b9l1625517899804
05/07/2021 23:07,05/07/2021 23:13,IP Address,24.245.21.120,100,340,TRUE,05/07/2021 23:13,R_3mgEhP6HxGTS4W8,,,,,45.01960754,-93.24019623,anonymous,EN,23,Male,United States,White,Bachelor's degree,7,22,No,500,15,Tank,3400,2950,Solo queue,Other,20,10,40,5,20,5,0,0,50,50,0,0,0,0,0,0,0,0,0,0,0,0,0,0,0,Casual,No,ySjMvi0J1625521129025
05/07/2021 23:17,05/07/2021 23:21,IP Address,190.141.147.56,100,257,TRUE,05/07/2021 23:21,R_T1srBwwIm6f9SBX,,,,,8.994796753,-79.52300262,anonymous,EN,25,Male,Panamá,Hispanic or Latino,Doctorate degree,8,22,No,500,10,Tank,2800,2500,Solo queue,YouTube video,25,15,25,0,15,0,20,10,5,0,0,0,0,0,0,0,0,0,0,0,0,0,5,0,80,Casual,No,kEEIcpEW1625522023343
05/07/2021 23:20,05/07/2021 23:26,IP Address,173.91.186.191,100,356,TRUE,05/07/2021 23:26,R_2tfekV88XDxSROb,,,,,41.4105072,-82.35900116,anonymous,EN,20,Male,United States,White,Bachelor's degree,6,16,No,300,10,Damage,2111,2087,Solo queue,"Training maps (workshop),YouTube video",90,0,0,0,0,10,0,0,0,10,70,0,0,0,0,0,0,0,0,0,0,0,0,20,0,Casual,No,UsHEaf0M1625522278318
06/07/2021 01:14,06/07/2021 01:24,IP Address,37.138.36.199,100,572,TRUE,06/07/2021 01:24,R_3Po6MKR9LFZmfmN,,,,,53.26040649,10.11430359,anonymous,EN,23,Male,Germany,White,High school degree or equivalent (A levels),7,18,Yes,1800,21,Tank,4053,3862,Solo queue,"Training maps (workshop),VOD reviewing,YouTube video,Other",25,15,0,10,15,25,10,0,0,0,15,0,0,0,0,0,5,0,0,0,25,0,0,0,55,Casual,Yes,rRmBdhHS1625528799092
06/07/2021 01:55,06/07/2021 01:59,IP Address,98.36.251.152,100,242,TRUE,06/07/2021 01:59,R_3lOrcTkaJ8Ze6vT,,,,,36.79859924,-119.7617035,anonymous,EN,18,Male,United States,White,High school degree or equivalent (A levels),3,16,Yes,500,12,Tank,3807,3681,Solo queue,"Training maps (workshop),VOD reviewing,YouTube video",70,0,10,10,10,0,0,0,0,0,0,0,0,0,0,0,0,0,0,0,0,0,0,0,100,Casual,No,669hmXJ21625531298468
06/07/2021 02:16,06/07/2021 02:19,IP Address,212.102.63.28,100,179,TRUE,06/07/2021 02:19,R_82ZBnn9D6HYYYNz,,,,,51.50950623,-0.095504761,anonymous,EN,18,Male,USA,Asian/Pacific Islander,Prefer not to say,6,13,Prefer not to say,100,7,Prefer not to say,2500,2500,Solo queue,"Training maps (workshop),Coaching (individual)",75,25,0,0,0,0,0,75,0,0,0,0,0,0,0,25,0,0,0,0,0,0,0,0,0,Casual,No,q0QH9hXh1625515261544
06/07/2021 02:32,06/07/2021 02:36,IP Address,71.84.248.227,100,235,TRUE,06/07/2021 02:36,R_29byC2ZBbgRQfhD,,,,,33.77119446,-118.145401,anonymous,EN,19,Male,United States,Hispanic or Latino,High school degree or equivalent (A levels),5,14,No,200,25,Tank,1600,1400,Prefer not to say,"VOD reviewing,YouTube video",25,15,25,20,10,5,0,0,5,10,0,20,30,0,0,10,0,0,0,0,0,0,0,0,25,Casual,No,R9o9vbZf1625533728251
06/07/2021 03:28,06/07/2021 03:31,IP Address,101.127.8.1,100,196,TRUE,06/07/2021 03:31,R_1LbSrteNL6hzW0t,,,,,1.369094849,103.8862915,anonymous,EN,24,Male,Singapore,Asian/Pacific Islander,Bachelor's degree,6,21,No,1000,5,Tank,2700,2500,Solo queue,Other,15,20,40,0,15,0,10,0,0,0,0,20,0,20,0,0,0,0,0,20,0,0,0,0,40,Casual,No,FBViLCzb1625537297873
06/07/2021 07:05,06/07/2021 07:10,IP Address,37.33.16.123,100,331,TRUE,06/07/2021 07:10,R_2e37cAJ6qu2TGnI,,,,,62.23080444,25.73789978,anonymous,EN,26,Other,Finland,White,Bachelor's degree,4,23,Prefer not to say,900,2,Support,2227,2224,Solo queue,Training maps (workshop),10,20,60,10,0,0,0,10,0,0,0,0,80,0,0,0,0,0,0,0,0,0,0,0,10,Casual,No,LYiVh0FT1625549939038
06/07/2021 15:14,06/07/2021 15:17,IP Address,84.132.127.221,100,153,TRUE,06/07/2021 15:17,R_3Ptn39YhnTbl0Dn,,,,,48.16630554,11.56829834,anonymous,EN,20,Male,Germany,White,High school degree or equivalent (A levels),7,16,No,1030,20,Support,3011,2920,Solo queue,"Training maps (workshop),VOD reviewing",60,0,0,40,0,0,0,0,0,0,0,0,1,0,0,0,0,0,0,0,0,0,0,0,99,Casual,No,JSLW4RBu1625579597086
06/07/2021 15:39,06/07/2021 15:46,IP Address,2.221.235.37,100,384,TRUE,06/07/2021 15:46,R_2cexGe1qN4SaDrs,,,,,55.83929443,-4.289199829,anonymous,EN,27,Male,Scotland,White,Bachelor's degree,4,22,No,500,10,Tank,3064,2746,Team,YouTube video,40,10,10,15,25,0,0,0,0,10,0,0,0,10,0,0,0,20,0,10,0,0,0,0,50,Casual,No,LxyvrqQH1625580765096
06/07/2021 19:19,06/07/2021 19:28,IP Address,73.7.178.253,100,497,TRUE,06/07/2021 19:28,R_3FJAnZhJweyZM7A,,,,,33.78379822,-84.44550323,anonymous,EN,25,Male,The United States,White,High school degree or equivalent (A levels),7,22,Yes,400,18,Tank,98,70,Solo queue,YouTube video,10,10,10,10,10,50,0,0,0,0,0,0,0,0,50,0,0,50,0,0,0,0,0,0,0,Casual,No,p43zoygt1625595556137
06/07/2021 19:27,06/07/2021 19:33,IP Address,137.119.97.168,100,334,TRUE,06/07/2021 19:33,R_3M0bCQu612WPlpY,,,,,34.94610596,-85.62760162,anonymous,EN,20,Male,UNITED STATES OF AMERICA,White,High school degree or equivalent (A levels),2,15,Yes,400,3,Tank,3677,3605,Team,Training maps (workshop),30,30,10,10,10,10,0,0,10,0,0,0,0,0,10,0,0,0,10,0,0,0,0,0,70,Casual,No,3QYQXMA71625595147819
06/07/2021 19:38,06/07/2021 19:41,IP Address,68.2.212.238,100,198,TRUE,06/07/2021 19:41,R_1PRkAw1btZF6lDD,,,,,33.27270508,-111.8277969,anonymous,EN,25,Male,England,White,Bachelor's degree,7,22,Yes,400,20,Damage,90,87,Solo queue,"Training maps (workshop),VOD reviewing",60,20,0,0,20,0,0,30,0,20,20,0,0,30,0,0,0,0,0,0,0,0,0,0,0,Casual,Yes,1DPTTnkC1625595089459
06/07/2021 19:38,06/07/2021 19:44,IP Address,75.142.103.28,100,305,TRUE,06/07/2021 19:44,R_9WurhEHDZBnx0Rj,,,,,34.48019409,-117.4093018,anonymous,EN,20,Male,USA,Native American or American Indian,High school degree or equivalent (A levels),5,18,Yes,360,50,Tank,1800,1800,Team,YouTube video,30,10,0,0,30,30,0,0,0,60,40,0,0,0,0,0,0,0,0,0,0,0,0,0,0,Casual,No,BLDMh8L91625595256490
06/07/2021 19:41,06/07/2021 19:46,IP Address,98.235.73.129,100,295,TRUE,06/07/2021 19:46,R_25HH0G1uwP7MmWd,,,,,40.79570007,-77.86180115,anonymous,EN,24,Male,America,Native American or American Indian,No schooling completed,6,20,Yes,500,4,Tank,2000,2500,Solo queue,Coaching (individual),100,0,0,0,0,0,0,0,0,30,20,0,0,0,50,0,0,0,0,0,0,0,0,0,0,Casual,No,I30fO4Z41625595340690
06/07/2021 19:45,06/07/2021 19:46,IP Address,76.248.95.163,100,118,TRUE,06/07/2021 19:47,R_3fVuQQ1cGI0vFCO,,,,,41.38439941,-81.70030212,anonymous,EN,27,Male,Eng,White,Bachelor's degree,8,24,Yes,500,25,Tank,98,90,Solo queue,"VOD reviewing,Coaching (individual)",20,40,20,20,0,0,0,0,0,30,0,50,0,0,20,0,0,0,0,0,0,0,0,0,0,Casual,Yes,zPOTu20T1625595268303
06/07/2021 19:45,06/07/2021 19:51,IP Address,24.187.101.141,100,384,TRUE,06/07/2021 19:51,R_XnsjDQyQ5Eu5hG9,,,,,40.76060486,-72.98439789,anonymous,EN,22,Male,America,White,No schooling completed,5,17,No,3000,15,Damage,3000,3120,Team,"Training maps (workshop),VOD reviewing,YouTube video",100,0,0,0,0,0,0,0,0,70,30,0,0,0,0,0,0,0,0,0,0,0,0,0,0,Casual,No,25VAuJCA1625595508500
06/07/2021 19:51,06/07/2021 19:53,IP Address,72.84.215.205,100,165,TRUE,06/07/2021 19:53,R_3KW3mOw0TWQVxuo,,,,,37.72520447,-77.55460358,anonymous,EN,20,Male,UNITED STATES OF AMERICA,White,High school degree or equivalent (A levels),3,19,No,130,4,Support,3600,3561,Solo queue,Training maps (workshop),10,0,10,20,10,0,50,0,0,20,0,0,30,0,0,0,0,0,0,0,0,0,0,0,50,Casual,No,dIN8Odix1625596643280
06/07/2021 19:47,06/07/2021 19:58,IP Address,108.3.169.82,100,619,TRUE,06/07/2021 19:58,R_3k1X3FbmUK3dUmE,,,,,38.95120239,-76.49440002,anonymous,EN,19,Male,1478 Oakridge Farm Lane Milwaukee,Hispanic or Latino,Less than a high school diploma (GCSEs),4,18,No,100,5,Tank,78,11,Team,"Training maps (workshop),VOD reviewing,YouTube video",10,10,30,30,10,10,0,0,0,0,0,0,0,0,0,0,0,0,0,0,0,0,100,0,0,Casual,No,JjyyIQbJ1625595338817
06/07/2021 19:59,06/07/2021 20:04,IP Address,108.221.145.187,100,270,TRUE,06/07/2021 20:04,R_1jPSV8Jhnb9aoCZ,,,,,32.88760376,-97.21320343,anonymous,EN,28,Male,United States,White,Master's degree,8,20,Yes,500,16,Damage,3200,3200,Team,"YouTube video,Coaching (individual)",10,20,10,10,20,20,10,10,0,20,20,10,0,0,10,0,0,0,10,10,0,10,0,0,0,Casual,Yes,oII4n9d31625595236969
06/07/2021 20:01,06/07/2021 20:06,IP Address,216.110.217.162,100,250,TRUE,06/07/2021 20:06,R_DcSwQ3IDDH8SxtT,,,,,46.60389709,-120.5057983,anonymous,EN,19,Male,America,White,No schooling completed,6,17,Yes,1000,10,Damage,3000,3210,Solo queue,"Training maps (workshop),VOD reviewing,YouTube video",100,0,0,0,0,0,0,0,0,50,50,0,0,0,0,0,0,0,0,0,0,0,0,0,0,Casual,No,CmDgS27S1625596521667
06/07/2021 20:04,06/07/2021 20:09,IP Address,72.192.2.243,100,296,TRUE,06/07/2021 20:09,R_BCX84rY47yZPYAh,,,,,41.706604,-72.57450104,anonymous,EN,20,Male,America,White,No schooling completed,9,18,No,1500,30,Damage,3100,3000,Solo queue,"Training maps (workshop),VOD reviewing,YouTube video",100,0,0,0,0,0,0,0,0,40,60,0,0,0,0,0,0,0,0,0,0,0,0,0,0,Casual,No,08lOx5KA1625595509315
06/07/2021 20:02,06/07/2021 20:11,IP Address,50.81.162.152,100,538,TRUE,06/07/2021 20:11,R_323zqaY02zP8zWU,,,,,41.64729309,-93.47440338,anonymous,EN,26,Male,United States ,White,Bachelor's degree,4,23,No,900,2,Prefer not to say,3000,2000,Team,"Training maps (workshop),YouTube video",20,10,10,20,10,10,20,10,0,0,30,0,10,0,20,0,0,0,20,0,10,0,0,0,0,Casual,No,wncZuM0b1625596583229
06/07/2021 19:59,06/07/2021 20:12,IP Address,73.130.112.167,100,791,TRUE,06/07/2021 20:12,R_TnIzS5y8vvlEmOd,,,,,40.29600525,-75.98940277,anonymous,EN,18,Male,America,White,No schooling completed,6,17,Yes,1570,30,Tank,3121,2900,Solo queue,"Training maps (workshop),VOD reviewing,YouTube video",50,0,50,0,0,0,0,0,0,0,50,0,0,0,50,0,0,0,0,0,0,0,0,0,0,Casual,No,SXnK1wWV1625595535394
06/07/2021 20:11,06/07/2021 20:13,IP Address,98.144.228.88,100,164,TRUE,06/07/2021 20:13,R_1pyXRmk2PcvdDWK,,,,,42.88949585,-87.90740204,anonymous,EN,23,Male,The United States,White,High school degree or equivalent (A levels),3,18,Yes,300,3,Damage,3700,3620,Team,"Training maps (workshop),Coaching (team)",10,10,0,0,50,0,30,0,0,0,20,0,0,20,0,20,0,0,0,20,0,0,0,0,20,Casual,No,COKlERUN1625597640722
06/07/2021 20:11,06/07/2021 20:17,IP Address,76.109.207.45,100,340,TRUE,06/07/2021 20:17,R_pt7DbyESnZ3H5yF,,,,,25.72770691,-80.37159729,anonymous,EN,23,Male,America,Native American or American Indian,No schooling completed,6,18,No,1500,6,Damage,3800,4000,Solo queue,Coaching (individual),100,0,0,0,0,0,0,0,0,40,20,0,0,0,0,0,0,0,0,0,0,0,40,0,0,Casual,No,0lAzUTLt1625595341735
06/07/2021 20:13,06/07/2021 20:17,IP Address,96.59.179.14,100,257,TRUE,06/07/2021 20:17,R_XId46GaeA84gjXr,,,,,28.0973053,-82.70010376,anonymous,EN,19,Male,America,Native American or American Indian,No schooling completed,6,19,No,900,3,Damage,2700,3700,Team,Other,100,0,0,0,0,0,0,0,0,40,20,0,0,0,0,0,0,0,0,0,0,0,40,0,0,Casual,No,sMiHi0ZO1625595355779
06/07/2021 20:12,06/07/2021 20:17,IP Address,71.207.61.27,100,307,TRUE,06/07/2021 20:17,R_TbaLWDl5k0BVokN,,,,,40.2039032,-76.72859955,anonymous,EN,22,Male,America,Native American or American Indian,No schooling completed,5,19,No,700,4,Tank,2800,3200,Team,Training maps (workshop),100,0,0,0,0,0,0,0,0,50,20,0,0,0,0,0,0,0,0,0,0,0,30,0,0,Casual,No,jh1J1ems1625595355086
06/07/2021 20:31,06/07/2021 20:33,IP Address,24.250.129.236,100,155,TRUE,06/07/2021 20:33,R_3fOHk1HZM8ZF6Yw,,,,,29.16569519,-82.12729645,anonymous,EN,24,Male,UNITED STATES OF AMERICA,White,High school degree or equivalent (A levels),3,18,No,500,4,Damage,3650,3600,Solo queue,"Training maps (workshop),Coaching (individual),Coaching (team)",0,30,0,20,20,0,30,0,20,0,0,0,0,0,0,20,0,0,20,0,0,0,0,0,40,Casual,No,f1VvExpf1625599065691
06/07/2021 20:30,06/07/2021 20:35,IP Address,92.8.213.18,100,252,TRUE,06/07/2021 20:35,R_1pQN9uhFz1LycF4,,,,,53.36779785,-1.506500244,anonymous,EN,21,Male,英国,White,Bachelor's degree,5,19,Yes,459,8,Damage,2471,1699,Solo queue,"Training maps (workshop),YouTube video",50,30,20,0,0,0,0,0,0,20,60,20,0,0,0,0,0,0,0,0,0,0,0,0,0,Casual,No,ckSWINN11625598476517
06/07/2021 20:51,06/07/2021 20:54,IP Address,67.80.70.114,100,178,TRUE,06/07/2021 20:54,R_2atPeA1rtlxQjBe,,,,,40.76060486,-72.98439789,anonymous,EN,26,Male,UNITED STATES OF AMERICA,White,High school degree or equivalent (A levels),3,20,No,400,3,Support,3640,3600,Solo queue,"Training maps (workshop),YouTube video",0,30,0,30,20,0,20,0,0,20,20,0,0,0,0,0,0,0,20,0,0,20,0,0,20,Casual,No,shBUZg551625600256334
06/07/2021 21:04,06/07/2021 21:13,IP Address,184.60.230.20,100,564,TRUE,06/07/2021 21:13,R_24kr1AslfH2B7oc,,,,,37.1855011,-83.41560364,anonymous,EN,22,Male,America,Asian/Pacific Islander,No schooling completed,8,20,No,800,4,Tank,2800,3100,Team,Coaching (individual),100,0,0,0,0,0,0,0,0,20,30,0,0,0,30,0,0,0,0,0,0,0,20,0,0,Casual,No,qOliWOt41625599952084
06/07/2021 21:06,06/07/2021 21:14,IP Address,174.48.44.165,100,447,TRUE,06/07/2021 21:14,R_BrDD0vYV8racf3r,,,,,27.14149475,-80.20179749,anonymous,EN,24,Male,America ,Asian/Pacific Islander,No schooling completed,5,20,No,500,2,Support,2000,2200,Team,Coaching (individual),100,0,0,0,0,0,0,0,0,20,40,0,0,0,0,0,0,0,0,0,0,0,40,0,0,Casual,No,8yMn0INW1625599999751
06/07/2021 21:06,06/07/2021 21:14,IP Address,75.134.198.26,100,428,TRUE,06/07/2021 21:14,R_1C1Ip2neZs1PVV7,,,,,37.38659668,-89.65299988,anonymous,EN,22,Male,America ,Native American or American Indian,No schooling completed,6,20,No,1500,5,Support,3800,4000,Team,Coaching (team),100,0,0,0,0,0,0,0,0,20,50,0,0,0,0,0,0,0,0,0,0,30,0,0,0,Casual,No,rDuMrvHb1625599970132
06/07/2021 21:05,06/07/2021 21:14,IP Address,75.74.92.53,100,529,TRUE,06/07/2021 21:14,R_vr9jhCCFDipn2U1,,,,,25.49310303,-80.43440247,anonymous,EN,24,Male,America ,Black or African American,No schooling completed,5,20,No,700,5,Damage,3400,3600,Team,Coaching (team),100,0,0,0,0,0,0,0,0,40,20,0,0,0,0,0,0,0,0,0,0,0,40,0,0,Casual,No,wFt8W40D1625599957999
06/07/2021 21:21,06/07/2021 21:25,IP Address,173.29.246.37,100,222,TRUE,06/07/2021 21:25,R_UXFwEBiGkNTRcvn,,,,,41.55149841,-93.58039856,anonymous,EN,28,Male,United States ,White,Bachelor's degree,5,25,No,600,3,Support,3800,3000,Team,"Training maps (workshop),YouTube video,Coaching (team)",10,10,10,20,10,10,30,40,0,0,20,0,0,0,30,0,0,0,0,10,0,0,0,0,0,Casual,No,Q2eVGEFx1625601442008
06/07/2021 23:03,06/07/2021 23:11,IP Address,179.67.94.98,100,521,TRUE,06/07/2021 23:11,R_2zBBPBdrwxSyRRz,,,,,-1.345001221,-48.42190552,anonymous,EN,23,Male,Brasil,White,High school degree or equivalent (A levels),6,20,Yes,1000,10,Damage,3405,2946,Solo queue,"Training maps (workshop),YouTube video",66,18,1,3,0,12,0,0,0,55,0,0,0,0,0,0,0,0,0,0,0,0,45,0,0,Casual,No,qRW09uTm1625607036019
07/07/2021 03:29,07/07/2021 03:34,IP Address,73.168.20.39,100,336,TRUE,07/07/2021 03:34,R_ssRcMN7XJkrOPWV,,,,,41.93449402,-88.0039978,anonymous,EN,22,Male,UK,White,Bachelor's degree,5,18,Yes,2000,10,Tank,2000,1800,Solo queue,"Training maps (workshop),YouTube video,Coaching (team)",15,20,20,10,25,10,0,10,10,10,10,0,5,5,5,5,0,0,0,0,15,15,10,0,0,Casual,No,Hy0bQXCZ1625622879284
07/07/2021 06:51,07/07/2021 06:54,IP Address,173.82.120.7,100,175,TRUE,07/07/2021 06:54,R_XhUqP01xR0dw6Z3,,,,,39.56329346,-75.59220123,anonymous,EN,36,Female,uk,White,Bachelor's degree,4,25,Yes,900,20,Damage,120,36,Team,"VOD reviewing,YouTube video",10,20,15,20,30,5,0,5,5,5,5,10,5,5,10,5,5,5,5,5,5,5,5,10,0,Casual,Yes,EKXKvdWx1625630483899
07/07/2021 17:40,07/07/2021 17:45,IP Address,100.15.217.197,100,329,TRUE,07/07/2021 17:45,R_3GBpymmjW7TRZ04,,,,,38.90339661,-76.98819733,anonymous,EN,31,Male,United States,White,Bachelor's degree,7,27,No,700,7,Support,2800,2600,Team,YouTube video,60,0,30,5,5,0,0,0,0,0,0,0,10,0,0,0,0,60,20,10,0,0,0,0,0,Casual,No,q04J71Yv1625674643112
08/07/2021 11:24,08/07/2021 11:26,IP Address,67.230.189.53,100,141,TRUE,08/07/2021 11:26,R_2bhJLNLBuEZuJ3z,,,,,34.05839539,-118.2779999,anonymous,EN,34,Male,US,White,Bachelor's degree,4,20,Yes,500,5,Tank,4,5,Solo queue,"VOD reviewing,YouTube video,Coaching (individual)",35,25,10,10,10,10,0,15,15,20,5,5,15,15,5,5,0,0,0,0,0,0,0,0,0,Casual,Prefer not to say,sxTsvjdG1625738047435
09/07/2021 01:04,09/07/2021 01:09,IP Address,174.82.168.32,100,330,TRUE,09/07/2021 01:10,R_2tyTX68ptDzrTid,,,,,46.70449829,-92.09500122,anonymous,EN,26,Male,United States ,White,Bachelor's degree,5,24,No,220,2,Tank,3200,2800,Team,"Training maps (workshop),YouTube video,Coaching (team)",40,10,10,0,30,10,0,10,60,0,0,0,0,0,30,0,0,0,0,0,0,0,0,0,0,Casual,No,AqyavPIf1625787479274
09/07/2021 01:30,09/07/2021 01:33,IP Address,70.112.162.126,100,182,TRUE,09/07/2021 01:33,R_2aFD5lcmVB0qmoy,,,,,30.37730408,-97.70999908,anonymous,EN,25,Female,United States,White,Master's degree,7,22,Yes,300,10,Damage,3200,3200,Solo queue,"VOD reviewing,Coaching (individual)",20,30,20,10,10,10,0,20,0,0,30,0,0,0,20,0,0,20,0,0,0,10,0,0,0,Casual,Yes,OIjG944j1625789503264
09/07/2021 03:09,09/07/2021 03:12,IP Address,108.192.69.214,100,194,TRUE,09/07/2021 03:12,R_OjTye9qrmO0dtrr,,,,,34.10780334,-84.50260162,anonymous,EN,26,Male,United States ,White,Bachelor's degree,5,23,No,300,2,Tank,3000,2200,Team,YouTube video,40,0,20,10,30,0,0,40,0,20,0,0,0,0,20,0,0,0,0,0,0,20,0,0,0,Casual,No,UAifJGyL1625794270834
02/07/2021 22:54,02/07/2021 23:41,IP Address,72.13.86.178,29,2839,FALSE,09/07/2021 23:41,R_0HhHupiqGUSzhCN,,,,,,,anonymous,EN,30,Female,US,White,Bachelor's degree,8,,,,,,,,,,,,,,,,,,,,,,,,,,,,,,,,,,,,,9260odW01625262825060
02/07/2021 22:54,02/07/2021 23:41,Spam,72.13.86.178,29,2840,FALSE,09/07/2021 23:41,R_1g0y006MtP1Oea6,,,,,,,anonymous,EN,30,Female,US,White,Bachelor's degree,8,,,,,,,,,,,,,,,,,,,,,,,,,,,,,,,,,,,,,eWEucHDz1625262824612
02/07/2021 22:54,02/07/2021 23:41,Spam,72.13.86.178,29,2839,FALSE,09/07/2021 23:41,R_1LBj1uyF9IyJPMx,,,,,,,anonymous,EN,30,Female,US,White,Bachelor's degree,8,,,,,,,,,,,,,,,,,,,,,,,,,,,,,,,,,,,,,k3072QVi1625262824857
03/07/2021 04:11,03/07/2021 04:17,IP Address,148.170.119.55,95,358,FALSE,10/07/2021 04:17,R_3phHURmXjeaagRI,,,,,,,anonymous,EN,31,Male,America,Black or African American,Bachelor's degree,7,12,Yes,5,3,Tank,15,3,Team,"Coaching (individual),Coaching (team)",20,15,5,10,20,10,20,5,5,2,3,5,2,8,3,8,7,2,10,10,5,3,10,2,10,Casual,Yes,yihhd01J1625280510896
03/07/2021 09:34,03/07/2021 09:37,IP Address,174.17.50.108,95,161,FALSE,10/07/2021 09:37,R_1MLI2juxrCQbLrG,,,,,,,anonymous,EN,20,Female," La Vernia, Texas",Black or African American,Master's degree,6,16,Yes,200,30,Tank,60,60,Solo queue,"Training maps (workshop),VOD reviewing,Coaching (individual)",10,10,10,10,30,30,0,10,10,0,10,10,10,20,10,0,10,10,0,0,0,0,0,0,0,Casual,No,tVDp79rL1625300438116
03/07/2021 10:19,03/07/2021 10:21,IP Address,73.54.52.79,67,107,FALSE,10/07/2021 10:21,R_2xWejhbRNIWi46l,,,,,,,anonymous,EN,34,Female,State,White,High school degree or equivalent (A levels),6,14,Yes,300,2,Tank,5000,2500,,,,,,,,,,,,,,,,,,,,,,,,,,,,,,zFsTQ4iX1625303167306
03/07/2021 10:42,03/07/2021 10:46,IP Address,150.195.82.130,95,195,FALSE,10/07/2021 10:46,R_2Cge6vzFPQEAl41,,,,,,,anonymous,EN,25,Male,3928 Stiles Street,Black or African American,High school degree or equivalent (A levels),6,18,Yes,300,40,Damage,54,54,Team,"VOD reviewing,YouTube video,Coaching (individual)",10,10,20,10,30,20,0,10,10,10,0,10,20,10,10,10,10,0,0,0,0,0,0,0,0,Professional,Yes,OrySrlqj1625304426510
03/07/2021 11:45,03/07/2021 11:49,IP Address,67.238.159.222,95,255,FALSE,10/07/2021 11:49,R_2zeeF8AgKZgqgaR,,,,,,,anonymous,EN,25,Male,"Montgomery, Alabama",Native American or American Indian,Bachelor's degree,6,18,Yes,300,30,Tank,56,56,Solo queue,"YouTube video,Coaching (individual)",10,20,10,20,10,30,0,10,10,20,10,20,10,10,10,0,0,0,0,0,0,0,0,0,0,Casual,No,MU2rRWwp1625308350275
06/07/2021 19:18,06/07/2021 19:29,IP Address,184.16.127.179,29,666,FALSE,13/07/2021 19:29,R_2v0ni2BOXc2fFwF,,,,,,,anonymous,EN,32,Male,The United States,Hispanic or Latino,High school degree or equivalent (A levels),7,,,,,,,,,,,,,,,,,,,,,,,,,,,,,,,,,,,,,9HetXUpV1625595468144
06/07/2021 19:19,06/07/2021 20:14,IP Address,38.87.49.98,29,3340,FALSE,13/07/2021 20:14,R_2ff9IMHOCRG8A7R,,,,,,,anonymous,EN,30,Male,The United States,Hispanic or Latino,Bachelor's degree,7,,,,,,,,,,,,,,,,,,,,,,,,,,,,,,,,,,,,,v32ZvF261625595514389
14/07/2021 00:58,14/07/2021 01:02,IP Address,86.150.63.197,100,243,TRUE,14/07/2021 01:02,R_2QFK05DpEaI9acx,,,,,51.90490723,0.91859436,anonymous,EN,32,Male,United States ,White,Bachelor's degree,6,31,No,150,3,Damage,2800,2200,Solo queue,Training maps (workshop),50,20,30,0,0,0,0,0,0,30,20,0,0,0,50,0,0,0,0,0,0,0,0,0,0,Casual,No,6bBojwZK1626219376059
14/07/2021 01:29,14/07/2021 01:32,IP Address,46.69.200.149,100,199,TRUE,14/07/2021 01:32,R_3n9twLgKq6ntct7,,,,,52.13589478,-2.211700439,anonymous,EN,25,Male,United States ,White,Master's degree,3,23,No,820,6,Tank,3300,3000,Team,"Training maps (workshop),YouTube video,Coaching (individual),Coaching (team)",50,20,0,20,10,0,0,30,0,0,30,0,20,0,20,0,0,0,0,0,0,0,0,0,0,Casual,No,qP9Knt6O1626221242482
14/07/2021 02:13,14/07/2021 02:17,IP Address,2.28.10.187,100,218,TRUE,14/07/2021 02:17,R_2YFZLbEHu0ILzrv,,,,,56.4125061,-3.048400879,anonymous,EN,28,Male,United States,White,Master's degree,6,24,No,1200,5,Tank,3800,3100,Team,YouTube video,25,5,30,10,20,10,0,20,0,20,20,0,0,20,20,0,0,0,0,0,0,0,0,0,0,Casual,No,nf4T8wT91626223037844
14/07/2021 02:25,14/07/2021 02:29,IP Address,109.145.109.204,100,208,TRUE,14/07/2021 02:29,R_29gGhg2le7tW8jU,,,,,51.32290649,-2.783905029,anonymous,EN,23,Male,United States,White,Bachelor's degree,3,21,No,320,3,Tank,2800,2200,Solo queue,"Training maps (workshop),YouTube video",20,20,10,40,5,5,0,15,0,15,20,5,15,0,20,0,0,10,0,0,0,0,0,0,0,Casual,No,wO0QndYP1626225874840
14/07/2021 03:07,14/07/2021 03:10,IP Address,67.247.64.171,100,203,TRUE,14/07/2021 03:10,R_bdbInhStytchqqB,,,,,43.06419373,-74.33399963,anonymous,EN,25,Male,United States,White,Master's degree,5,23,No,700,6,Tank,3000,2500,Team,"YouTube video,Coaching (team)",50,20,30,0,0,0,0,0,0,30,20,0,20,0,30,0,0,0,0,0,0,0,0,0,0,Casual,No,UAp8PjB01626227467209
14/07/2021 10:41,14/07/2021 10:47,IP Address,70.117.53.30,100,395,TRUE,14/07/2021 10:47,R_3FLjKka3uDzjdIi,,,,,30.29719543,-97.63909912,anonymous,EN,28,Female,United States,White,Bachelor's degree,7,21,Yes,800,18,Tank,3700,3700,Team,"Training maps (workshop),VOD reviewing,YouTube video,Coaching (team)",20,20,30,10,10,10,0,10,20,10,20,0,0,0,20,0,0,0,10,0,0,0,10,0,0,Casual,Yes,FQ2C26lQ1626254400858
14/07/2021 11:14,14/07/2021 11:18,IP Address,70.123.9.120,100,231,TRUE,14/07/2021 11:18,R_1DwhXvsJUo4VCrp,,,,,30.30230713,-97.69139862,anonymous,EN,25,Female,United States,White,Bachelor's degree,5,19,Yes,500,12,Tank,3200,3200,Team,"Training maps (workshop),VOD reviewing,Coaching (team)",20,10,20,20,10,10,10,10,20,10,10,0,20,0,20,0,0,0,10,0,0,0,0,0,0,Professional,Yes,gA501RRB1626256607743
14/07/2021 14:42,14/07/2021 14:46,IP Address,136.49.58.63,100,260,TRUE,14/07/2021 14:46,R_11ilXlLiK0cXu34,,,,,30.18260193,-97.73940277,anonymous,EN,23,Female,United States,White,Bachelor's degree,6,17,Yes,700,20,Tank,4000,4000,Solo queue,"Training maps (workshop),Coaching (individual),Coaching (team)",10,20,30,10,10,10,10,0,10,0,20,0,20,0,20,0,0,0,20,0,0,10,0,0,0,Professional,Yes,sO9sGNvv1626258314332
07/07/2021 14:32,07/07/2021 14:52,IP Address,2.27.238.156,29,1186,FALSE,14/07/2021 14:52,R_AHAkTSZlJFSzYU9,,,,,,,anonymous,EN,32,Male,England,White,Bachelor's degree,7,,,,,,,,,,,,,,,,,,,,,,,,,,,,,,,,,,,,,YXrE38yo1625664693250
16/07/2021 17:37,16/07/2021 17:54,IP Address,94.12.92.103,100,1024,TRUE,16/07/2021 17:54,R_3Rg9cuJQFDISq5R,,,,,52.60490417,-1.148803711,anonymous,EN,20,Male,England,Asian/Pacific Islander,High school degree or equivalent (A levels),6,16,No,3000,35,Tank,2686,2722,Solo queue,"Training maps (workshop),VOD reviewing,YouTube video,Other",75,0,2,0,6,0,17,0,0,0,0,0,3,1,0,0,0,0,3,0,0,0,0,0,93,Professional,Yes,uNq9vRD61626451241971
10/07/2021 14:21,10/07/2021 14:23,IP Address,121.78.156.132,29,69,FALSE,17/07/2021 14:23,R_sRs98gmYPKl4iwV,,,,,,,anonymous,EN,22,Prefer not to say,us,Other,Master's degree,4,,,,,,,,,,,,,,,,,,,,,,,,,,,,,,,,,,,,,Xyqio1Hy1625923294555
31/07/2021 01:05,31/07/2021 01:13,IP Address,72.66.117.217,100,469,TRUE,31/07/2021 01:13,R_dahTiv4EafLvDKp,,,,,39.04620361,-77.11949921,anonymous,EN,28,Male,United States of America,Asian/Pacific Islander,Master's degree,7,23,Yes,1344,5,Tank,3039,2735,Solo queue,"VOD reviewing,YouTube video",50,20,20,5,5,0,0,0,0,0,0,0,0,90,0,0,0,0,0,10,0,0,0,0,0,Casual,No,US6JfNj61627688445489
31/07/2021 01:24,31/07/2021 01:29,IP Address,73.32.215.60,100,300,TRUE,31/07/2021 01:29,R_yZIKSNF2yxBfNTz,,,,,29.57989502,-95.60849762,anonymous,EN,19,Male,Spain,White,High school degree or equivalent (A levels),6,17,No,1200,8,Tank,3904,3700,Solo queue,"Training maps (workshop),VOD reviewing,YouTube video",90,10,0,0,0,0,0,0,20,1,3,0,0,0,0,6,0,0,1,1,0,1,2,4,61,Casual,No,n4O6kXCJ1627689390561
31/07/2021 01:29,31/07/2021 01:40,IP Address,92.17.171.81,100,616,TRUE,31/07/2021 01:40,R_2WVzQKfHl7mVRGC,,,,,53.3553009,-1.563293457,anonymous,EN,19,Male,England,White,High school degree or equivalent (A levels),7,18,No,200,7,Support,2400,2194,Solo queue,"Training maps (workshop),YouTube video",25,10,0,25,10,30,0,5,0,0,50,0,0,5,0,10,0,0,5,5,0,5,0,0,15,Casual,No,omvmyy1y1627689902436
31/07/2021 01:55,31/07/2021 01:59,IP Address,73.227.36.108,100,191,TRUE,31/07/2021 01:59,R_CglOPsfy5E20jYZ,,,,,43.06970215,-70.95800018,anonymous,EN,18,Male,United States,White,High school degree or equivalent (A levels),7,12,No,2000,10,Tank,3010,2550,Team,Other,25,50,0,10,5,10,0,10,0,0,0,0,0,0,0,60,0,0,0,0,0,0,0,10,20,Casual,No,V3rA1nLQ1627691555629
31/07/2021 01:18,31/07/2021 01:59,IP Address,97.115.67.207,100,2463,TRUE,31/07/2021 01:59,R_Ac81lrajtOV6uJP,,,,,45.57769775,-122.6795044,anonymous,EN,20,Female,The United States of America,White,No schooling completed,3,16,Prefer not to say,681,4,Support,3746,3109,Team,Other,15,5,20,0,5,0,55,0,0,0,0,0,0,0,0,0,0,0,0,0,0,0,5,3,92,Casual,No,PcCNF1js1627689409086
31/07/2021 01:57,31/07/2021 02:01,IP Address,24.126.67.207,100,208,TRUE,31/07/2021 02:01,R_214Xy93d0votq7H,,,,,38.56430054,-76.08740234,anonymous,EN,22,Male,United States,White,Bachelor's degree,6,18,No,1260,2,Support,2990,2870,Solo queue,YouTube video,20,0,10,5,15,50,0,10,10,0,0,10,0,0,0,0,0,40,0,15,0,0,15,0,0,Casual,No,ZQYUQSvI1627691868284
31/07/2021 02:15,31/07/2021 02:18,IP Address,85.149.45.255,100,138,TRUE,31/07/2021 02:18,R_3erjzBjhG8kTdZc,,,,,51.91789246,4.490097046,anonymous,EN,29,Male,The Netherlands,White,Master's degree,7,25,Yes,600,5,Support,3100,2500,Solo queue,"Training maps (workshop),VOD reviewing,YouTube video",50,0,25,0,0,25,0,0,80,0,0,0,0,0,0,0,0,0,0,20,0,0,0,0,0,Casual,No,YP98WBXD1627692678740
31/07/2021 02:57,31/07/2021 03:03,IP Address,107.210.134.108,100,352,TRUE,31/07/2021 03:03,R_phqa8ceZGBnCvT3,,,,,32.72549438,-96.62329865,anonymous,EN,37,Male,The United States of America,White,High school degree or equivalent (A levels),3,33,No,1800,5,Support,4029,547,Team,Other,25,0,15,40,20,0,0,0,0,0,0,5,0,0,0,0,0,50,0,0,0,0,0,0,45,Casual,No,gVYdzdAZ1627695003432
31/07/2021 03:21,31/07/2021 03:24,IP Address,69.246.90.47,100,185,TRUE,31/07/2021 03:24,R_2s5e4YzGl1P23GK,,,,,35.08479309,-89.80139923,anonymous,EN,23,Male,USA,Asian/Pacific Islander,Bachelor's degree,7,21,Yes,500,15,Tank,3550,3500,Solo queue,"Training maps (workshop),VOD reviewing,YouTube video",30,20,20,7,8,5,10,15,0,15,10,0,0,10,0,0,0,10,0,0,0,0,0,10,30,Casual,Yes,Td0qJy4u1627696755830
31/07/2021 03:46,31/07/2021 03:49,IP Address,193.176.84.196,100,151,TRUE,31/07/2021 03:49,R_3iqGsIq8ROZRxQV,,,,,44.41520691,26.16600037,anonymous,EN,25,Female,Indonesia,Asian/Pacific Islander,Master's degree,8,24,No,10,0.5,Tank,1,1,Solo queue,Training maps (workshop),0,0,80,10,0,0,10,0,0,0,0,0,0,0,0,0,0,0,0,0,0,0,0,0,100,Casual,No,6kvLpN6q1627698269793
31/07/2021 03:52,31/07/2021 03:56,IP Address,104.223.100.119,100,287,TRUE,31/07/2021 03:56,R_1PSQgf04D0D3fXO,,,,,32.81370544,-96.87039948,anonymous,EN,18,Male,United States,White,High school degree or equivalent (A levels),4,16,No,800,9,Damage,2900,2850,Team,"VOD reviewing,YouTube video,Coaching (individual),Coaching (team),Other",50,20,10,0,10,10,0,5,0,0,0,0,0,10,0,0,0,5,0,0,0,0,0,0,80,Casual,Yes,wLdjZCMg1627698602078
31/07/2021 04:13,31/07/2021 04:16,IP Address,100.35.43.86,100,163,TRUE,31/07/2021 04:16,R_1ohI8bymwsk5aZV,,,,,40.49920654,-74.49960327,anonymous,EN,18,Female,United States,White,High school degree or equivalent (A levels),6,13,No,1400,5,Tank,3106,2597,Solo queue,"Training maps (workshop),VOD reviewing,YouTube video",50,10,15,15,0,0,10,5,0,0,0,0,85,0,0,0,0,0,0,0,0,0,0,0,10,Casual,No,mXKxNGbd1627699724568
31/07/2021 05:35,31/07/2021 05:39,IP Address,98.190.115.138,100,212,TRUE,31/07/2021 05:39,R_2CUjHE2TNtb4TrS,,,,,36.06059265,-95.94560242,anonymous,EN,22,Male,United States,Native American or American Indian,Bachelor's degree,6,18,Yes,2000,10,Support,3306,3200,Solo queue,"Training maps (workshop),VOD reviewing,YouTube video",40,0,40,0,20,0,0,0,0,0,0,0,0,0,0,0,0,0,0,0,0,5,10,10,75,Casual,No,pXOWHZU91627704810789
31/07/2021 05:42,31/07/2021 05:46,IP Address,206.214.239.35,100,241,TRUE,31/07/2021 05:46,R_BSefBgdPh7fWywF,,,,,38.87010193,-76.99479675,anonymous,EN,19,Male,United States,White,High school degree or equivalent (A levels),8,15,No,1750,20,Support,2550,2400,Solo queue,"Training maps (workshop),VOD reviewing,YouTube video",70,0,25,0,5,0,0,5,0,0,5,0,0,0,0,0,5,5,0,0,5,0,5,5,65,Casual,No,IkR8UUYi1627704851972
31/07/2021 06:04,31/07/2021 06:13,IP Address,191.255.16.247,100,530,TRUE,31/07/2021 06:13,R_2wpOPWoQVaJ2jAR,,,,,-23.69500732,-46.56159973,anonymous,EN,18,Other,Brazil,Hispanic or Latino,High school degree or equivalent (A levels),6,13,No,542,8,Prefer not to say,3336,3304,Solo queue,"YouTube video,Other",25,10,30,15,20,0,0,0,0,0,5,0,0,0,0,0,20,0,0,5,0,10,0,0,60,Casual,No,Z0jZA3OZ1627706402797
31/07/2021 06:55,31/07/2021 06:59,IP Address,94.140.11.194,100,241,TRUE,31/07/2021 06:59,R_3nPALKxy5V8meiq,,,,,25.80250549,-80.34069824,anonymous,EN,21,Male,United States,White,High school degree or equivalent (A levels),7,16,No,2000,20,Tank,3253,2801,Solo queue,"Training maps (workshop),Other",45,0,30,0,20,5,0,0,0,10,0,0,0,0,0,0,0,0,0,0,0,0,0,0,90,Casual,No,9IABItcG1627709485284
31/07/2021 08:50,31/07/2021 08:55,IP Address,83.56.124.177,100,255,TRUE,31/07/2021 08:55,R_31HmYFdQC8KrwoF,,,,,40.44410706,-3.813705444,anonymous,EN,19,Male,Spain,White,Bachelor's degree,7,15,Yes,550,5,Tank,2650,2520,Solo queue,YouTube video,35,35,10,1,1,18,0,0,0,2,0,0,0,0,0,0,0,0,0,0,0,0,2,0,96,Casual,No,CEaBox951627716329892
31/07/2021 09:18,31/07/2021 09:22,IP Address,73.113.92.84,100,237,TRUE,31/07/2021 09:22,R_1rdz4epyf7oxPeu,,,,,35.8973999,-83.94249725,anonymous,EN,31,Male,United States,White,High school degree or equivalent (A levels),4,26,Yes,10000,20,Damage,3509,2949,Solo queue,"VOD reviewing,YouTube video",65,0,35,0,0,0,0,10,0,0,10,0,10,0,0,5,5,0,30,15,0,0,0,0,15,Casual,No,XGEL03UF1627717923794
31/07/2021 09:45,31/07/2021 09:49,IP Address,94.238.186.173,100,262,TRUE,31/07/2021 09:49,R_vJmG7I3qE7c15PH,,,,,48.83230591,2.407501221,anonymous,EN,36,Male,France,White,Master's degree,7,32,No,600,4,Tank,2600,2300,Solo queue,YouTube video,50,0,25,0,25,0,0,1,19,0,5,0,0,25,0,0,0,0,0,0,0,5,10,0,35,Casual,No,LoJnpPfI1627719568887
31/07/2021 10:35,31/07/2021 10:38,IP Address,86.154.160.119,100,160,TRUE,31/07/2021 10:38,R_2afzviSYXUOJ6Xn,,,,,50.96609497,-1.334793091,anonymous,EN,23,Male,United Kingdom,White,Bachelor's degree,6,18,Yes,1400,25,Support,3296,3127,Team,Prefer not to say,40,0,40,0,20,0,0,0,0,0,0,0,0,0,0,0,0,0,0,0,0,0,0,0,100,Casual,No,yFB8vhPf1627722884003
31/07/2021 10:57,31/07/2021 11:00,IP Address,46.85.241.25,100,198,TRUE,31/07/2021 11:00,R_3oZ0sakqCx0sm5R,,,,,51.73550415,8.683807373,anonymous,EN,23,Male,Germany,Other,High school degree or equivalent (A levels),4,18,No,400,5,Tank,2500,2000,Solo queue,Training maps (workshop),20,10,20,0,50,0,0,0,0,0,0,0,0,0,0,0,0,0,0,0,0,0,0,5,95,Casual,No,yL68iR861627723796999
31/07/2021 13:44,31/07/2021 13:54,IP Address,93.70.102.248,100,608,TRUE,31/07/2021 13:54,R_3njwBNqZTVCZIib,,,,,45.40960693,11.8946991,anonymous,EN,24,Male,Italy,White,Master's degree,7,20,Yes,2000,3,Support,3706,3624,Solo queue,"Training maps (workshop),YouTube video",70,0,15,0,15,0,0,5,26,25,0,0,0,12,0,5,0,5,0,10,0,0,0,0,12,Casual,No,jm3tOZmp1627733538094
31/07/2021 14:10,31/07/2021 14:14,IP Address,173.176.119.218,100,209,TRUE,31/07/2021 14:14,R_Q062zSYQsfbf8Fb,,,,,45.3927002,-75.82900238,anonymous,EN,19,Male,Canada,White,High school degree or equivalent (A levels),7,15,Yes,500,2,Tank,2752,2700,Team,YouTube video,0,40,30,30,0,0,0,0,0,0,0,0,0,0,0,100,0,0,0,0,0,0,0,0,0,Casual,No,n1S0HkTn1627735381793
31/07/2021 14:48,31/07/2021 14:54,IP Address,108.34.21.211,100,330,TRUE,31/07/2021 14:54,R_1IGGUtxABmaFdOI,,,,,42.97669983,-78.79589844,anonymous,EN,20,Male,United States,White,High school degree or equivalent (A levels),7,15,Yes,2300,7,Tank,4488,4048,Solo queue,"VOD reviewing,YouTube video,Other",80,0,10,0,0,0,10,0,0,0,0,0,100,0,0,0,0,0,0,0,0,0,0,0,0,Casual,No,L6Dy20ly1627737426196
31/07/2021 17:05,31/07/2021 17:08,IP Address,73.176.177.11,100,220,TRUE,31/07/2021 17:08,R_3ltcfKvGJq5qucO,,,,,41.89070129,-87.790802,anonymous,EN,18,Male,United States,White,High school degree or equivalent (A levels),8,13,Yes,1600,22,Support,3503,3503,Team,"Training maps (workshop),YouTube video",65,5,10,5,5,0,10,0,0,0,80,0,0,0,0,0,0,0,0,0,0,0,20,0,0,Casual,No,17n14lHO1627746293331
31/07/2021 17:12,31/07/2021 17:24,IP Address,93.100.106.220,100,714,TRUE,31/07/2021 17:24,R_3dE8CnTmOMFBBl4,,,,,59.89830017,30.26179504,anonymous,EN,29,Male,Russia,White,High school degree or equivalent (A levels),4,25,No,177,10,Tank,2519,2245,Solo queue,"Training maps (workshop),VOD reviewing,YouTube video,Other",75,15,10,0,0,0,0,0,0,0,0,0,0,0,0,0,0,0,0,0,0,0,0,0,100,Casual,No,AcCd7bxe1627746363032
31/07/2021 17:22,31/07/2021 17:26,IP Address,112.198.253.145,100,223,TRUE,31/07/2021 17:26,R_1OW5kVcENRwlOOB,,,,,14.50039673,121.0563965,anonymous,EN,20,Male,Philippines,Asian/Pacific Islander,Less than a high school diploma (GCSEs),5,18,Yes,600,20,Support,3045,2894,Solo queue,YouTube video,60,5,15,5,15,0,0,0,0,0,80,0,0,0,10,0,0,0,0,3,0,2,0,5,0,Casual,No,aD3tu67I1627731746489
31/07/2021 19:13,31/07/2021 19:17,IP Address,93.224.188.42,100,242,TRUE,31/07/2021 19:17,R_3JrySP9QcbjEt1X,,,,,47.7651062,9.172698975,anonymous,EN,18,Male,Germany,White,High school degree or equivalent (A levels),6,15,Yes,1600,10,Support,3579,3550,Team,"Training maps (workshop),YouTube video",50,30,20,0,0,0,0,0,0,15,5,0,0,0,0,0,0,0,0,0,0,0,5,0,75,Professional,Yes,vVMHHldk1627753672074
31/07/2021 20:05,31/07/2021 20:09,IP Address,82.46.225.36,100,278,TRUE,31/07/2021 20:09,R_3D2uGq6HBwpzudr,,,,,52.45539856,-1.956497192,anonymous,EN,29,Female,United Kingdom,White,Bachelor's degree,4,28,No,470,15,Tank,2054,1524,Solo queue,YouTube video,50,10,20,15,3,0,2,0,0,0,0,0,0,0,0,0,0,0,0,0,0,0,0,0,100,Casual,No,96ka69RH1627756666826
31/07/2021 21:10,31/07/2021 21:18,IP Address,67.183.192.178,100,486,TRUE,31/07/2021 21:18,R_URdWyRyWtl8pgfT,,,,,47.20669556,-122.4413986,anonymous,EN,35,Female,United States,White,Bachelor's degree,4,32,Yes,1286,10,Support,2576,2547,Team,Other,70,0,30,0,0,0,0,0,0,0,0,0,0,0,0,0,0,0,0,0,0,0,0,0,100,Casual,No,C0PyjbjJ1627760317416
01/08/2021 00:53,01/08/2021 01:03,IP Address,107.126.82.13,100,597,TRUE,01/08/2021 01:03,R_3MtjvxOLCaecJhx,,,,,39.7684021,-86.15799713,anonymous,EN,18,Male,United States,White,High school degree or equivalent (A levels),8,14,No,300,18,Support,2561,2458,Solo queue,"Training maps (workshop),VOD reviewing,YouTube video,Other",90,10,0,0,0,0,0,0,0,0,10,0,10,5,0,0,0,0,0,0,0,0,0,5,70,Casual,No,upL6gYkv1627774375989
01/08/2021 07:59,01/08/2021 08:04,IP Address,91.163.139.159,100,349,TRUE,01/08/2021 08:04,R_3PiD47BGQBcsdF7,,,,,48.83230591,2.407501221,anonymous,EN,37,Male,France,White,High school degree or equivalent (A levels),5,34,Yes,2000,25,Damage,3100,3100,Solo queue,"Training maps (workshop),YouTube video",50,10,10,10,20,0,0,20,10,0,0,20,0,0,0,0,0,0,0,20,0,0,0,0,30,Casual,No,sBalk3rf1627799663496
01/08/2021 23:58,02/08/2021 00:13,IP Address,45.131.194.221,100,906,TRUE,02/08/2021 00:13,R_1DT3I8oVp1VgasY,,,,,47.60339355,-122.3414001,anonymous,EN,28,Male,Philippines,Asian/Pacific Islander,Bachelor's degree,7,26,No,800,12,Tank,2100,2045,Solo queue,"Training maps (workshop),VOD reviewing,YouTube video,Other",50,30,15,0,0,5,0,30,0,30,0,0,0,0,0,0,0,0,0,10,0,0,0,30,0,Casual,No,2aRtBVa61627856549795
02/08/2021 14:44,02/08/2021 14:50,IP Address,61.244.55.164,100,345,TRUE,02/08/2021 14:50,R_1NkO8IWYiAyjKP0,,,,,22.31629944,114.1842041,anonymous,EN,20,Female,United Kingdom,Asian/Pacific Islander,Bachelor's degree,6,17,Yes,1100,10,Support,4070,3700,Solo queue,"Training maps (workshop),YouTube video",40,10,35,15,0,0,0,20,0,0,0,0,0,0,0,0,0,0,0,0,0,0,0,0,80,Casual,No,X5HaYsEs1627910363978
02/08/2021 16:16,02/08/2021 16:19,IP Address,94.65.232.23,100,144,TRUE,02/08/2021 16:19,R_AKWdKm24FS2HfJ7,,,,,37.98420715,23.73530579,anonymous,EN,30,Male,Greece,White,Master's degree,6,27,Yes,7,45,Damage,2600,2400,Solo queue,"Training maps (workshop),VOD reviewing,YouTube video",95,5,0,0,0,0,0,0,0,0,0,0,0,0,0,0,0,0,0,0,0,0,0,0,100,Casual,No,dJZB082Z1627915898256
02/08/2021 23:56,03/08/2021 00:00,IP Address,76.25.35.185,100,230,TRUE,03/08/2021 00:00,R_BRfLjRqu8nxhQ89,,,,,39.48950195,-104.8447037,anonymous,EN,33,Male,United States,White,Doctorate degree,9,29,Yes,1000,6,Support,3012,2882,Team,"VOD reviewing,YouTube video",60,20,0,10,5,5,0,0,0,0,0,0,0,5,0,0,0,0,0,0,0,0,0,0,95,Casual,No,CpOHdhEm1627943480971
